SampleID,Index,Guide,Amplicon
1,MK Con Site 3 OT 3OT1 a,GAACACAATGCATAGATTGC,GTGTGGAGAGTGAGTAAGCCAgaacacaatgcatagattgccggtaaataggtttagattcatccatttttaaaaaatggtgtgggagcattaaatatgtatatagtagatatggaaaaatgattctcataataactgacatttctgtttcacaagaaaattattttacattatatgtatattttacataaattatacatagtcatttaaaaagctcaaatagtgcaaaaacaatatggagaatTGCCTGAAATCATCCTACCGT
2,MK Con Site 3 OT 3OT1 b,GAACACAATGCATAGATTGC,GTGTGGAGAGTGAGTAAGCCAgaacacaatgcatagattgccggtaaataggtttagattcatccatttttaaaaaatggtgtgggagcattaaatatgtatatagtagatatggaaaaatgattctcataataactgacatttctgtttcacaagaaaattattttacattatatgtatattttacataaattatacatagtcatttaaaaagctcaaatagtgcaaaaacaatatggagaatTGCCTGAAATCATCCTACCGT
3,MK Con Site 3 OT 3OT1 c,GAACACAATGCATAGATTGC,GTGTGGAGAGTGAGTAAGCCAgaacacaatgcatagattgccggtaaataggtttagattcatccatttttaaaaaatggtgtgggagcattaaatatgtatatagtagatatggaaaaatgattctcataataactgacatttctgtttcacaagaaaattattttacattatatgtatattttacataaattatacatagtcatttaaaaagctcaaatagtgcaaaaacaatatggagaatTGCCTGAAATCATCCTACCGT
4,MK ABE8e Site 3 OT 3OT1 a,GAACACAATGCATAGATTGC,GTGTGGAGAGTGAGTAAGCCAgaacacaatgcatagattgccggtaaataggtttagattcatccatttttaaaaaatggtgtgggagcattaaatatgtatatagtagatatggaaaaatgattctcataataactgacatttctgtttcacaagaaaattattttacattatatgtatattttacataaattatacatagtcatttaaaaagctcaaatagtgcaaaaacaatatggagaatTGCCTGAAATCATCCTACCGT
5,MK ABE8e Site 3 OT 3OT1 b,GAACACAATGCATAGATTGC,GTGTGGAGAGTGAGTAAGCCAgaacacaatgcatagattgccggtaaataggtttagattcatccatttttaaaaaatggtgtgggagcattaaatatgtatatagtagatatggaaaaatgattctcataataactgacatttctgtttcacaagaaaattattttacattatatgtatattttacataaattatacatagtcatttaaaaagctcaaatagtgcaaaaacaatatggagaatTGCCTGAAATCATCCTACCGT
6,MK ABE8e Site 3 OT 3OT1 c,GAACACAATGCATAGATTGC,GTGTGGAGAGTGAGTAAGCCAgaacacaatgcatagattgccggtaaataggtttagattcatccatttttaaaaaatggtgtgggagcattaaatatgtatatagtagatatggaaaaatgattctcataataactgacatttctgtttcacaagaaaattattttacattatatgtatattttacataaattatacatagtcatttaaaaagctcaaatagtgcaaaaacaatatggagaatTGCCTGAAATCATCCTACCGT
7,MK HiFi-ABE Site 3 OT 3OT1 a,GAACACAATGCATAGATTGC,GTGTGGAGAGTGAGTAAGCCAgaacacaatgcatagattgccggtaaataggtttagattcatccatttttaaaaaatggtgtgggagcattaaatatgtatatagtagatatggaaaaatgattctcataataactgacatttctgtttcacaagaaaattattttacattatatgtatattttacataaattatacatagtcatttaaaaagctcaaatagtgcaaaaacaatatggagaatTGCCTGAAATCATCCTACCGT
8,MK HiFi-ABE Site 3 OT 3OT1 b,GAACACAATGCATAGATTGC,GTGTGGAGAGTGAGTAAGCCAgaacacaatgcatagattgccggtaaataggtttagattcatccatttttaaaaaatggtgtgggagcattaaatatgtatatagtagatatggaaaaatgattctcataataactgacatttctgtttcacaagaaaattattttacattatatgtatattttacataaattatacatagtcatttaaaaagctcaaatagtgcaaaaacaatatggagaatTGCCTGAAATCATCCTACCGT
9,MK HiFi-ABE Site 3 OT 3OT1 c,GAACACAATGCATAGATTGC,GTGTGGAGAGTGAGTAAGCCAgaacacaatgcatagattgccggtaaataggtttagattcatccatttttaaaaaatggtgtgggagcattaaatatgtatatagtagatatggaaaaatgattctcataataactgacatttctgtttcacaagaaaattattttacattatatgtatattttacataaattatacatagtcatttaaaaagctcaaatagtgcaaaaacaatatggagaatTGCCTGAAATCATCCTACCGT
10,MK N157K HiFi-ABE Site 3 OT 3OT1 a,GAACACAATGCATAGATTGC,GTGTGGAGAGTGAGTAAGCCAgaacacaatgcatagattgccggtaaataggtttagattcatccatttttaaaaaatggtgtgggagcattaaatatgtatatagtagatatggaaaaatgattctcataataactgacatttctgtttcacaagaaaattattttacattatatgtatattttacataaattatacatagtcatttaaaaagctcaaatagtgcaaaaacaatatggagaatTGCCTGAAATCATCCTACCGT
11,MK N157K HiFi-ABE Site 3 OT 3OT1 b,GAACACAATGCATAGATTGC,GTGTGGAGAGTGAGTAAGCCAgaacacaatgcatagattgccggtaaataggtttagattcatccatttttaaaaaatggtgtgggagcattaaatatgtatatagtagatatggaaaaatgattctcataataactgacatttctgtttcacaagaaaattattttacattatatgtatattttacataaattatacatagtcatttaaaaagctcaaatagtgcaaaaacaatatggagaatTGCCTGAAATCATCCTACCGT
12,MK N157K HiFi-ABE Site 3 OT 3OT1 c,GAACACAATGCATAGATTGC,GTGTGGAGAGTGAGTAAGCCAgaacacaatgcatagattgccggtaaataggtttagattcatccatttttaaaaaatggtgtgggagcattaaatatgtatatagtagatatggaaaaatgattctcataataactgacatttctgtttcacaagaaaattattttacattatatgtatattttacataaattatacatagtcatttaaaaagctcaaatagtgcaaaaacaatatggagaatTGCCTGAAATCATCCTACCGT
13,MK N157K 10 aa HiFi-ABE Site 3 OT 3OT1 a,GAACACAATGCATAGATTGC,GTGTGGAGAGTGAGTAAGCCAgaacacaatgcatagattgccggtaaataggtttagattcatccatttttaaaaaatggtgtgggagcattaaatatgtatatagtagatatggaaaaatgattctcataataactgacatttctgtttcacaagaaaattattttacattatatgtatattttacataaattatacatagtcatttaaaaagctcaaatagtgcaaaaacaatatggagaatTGCCTGAAATCATCCTACCGT
14,MK N157K 10 aa HiFi-ABE Site 3 OT 3OT1 b,GAACACAATGCATAGATTGC,GTGTGGAGAGTGAGTAAGCCAgaacacaatgcatagattgccggtaaataggtttagattcatccatttttaaaaaatggtgtgggagcattaaatatgtatatagtagatatggaaaaatgattctcataataactgacatttctgtttcacaagaaaattattttacattatatgtatattttacataaattatacatagtcatttaaaaagctcaaatagtgcaaaaacaatatggagaatTGCCTGAAATCATCCTACCGT
15,MK N157K 10 aa HiFi-ABE Site 3 OT 3OT1 c,GAACACAATGCATAGATTGC,GTGTGGAGAGTGAGTAAGCCAgaacacaatgcatagattgccggtaaataggtttagattcatccatttttaaaaaatggtgtgggagcattaaatatgtatatagtagatatggaaaaatgattctcataataactgacatttctgtttcacaagaaaattattttacattatatgtatattttacataaattatacatagtcatttaaaaagctcaaatagtgcaaaaacaatatggagaatTGCCTGAAATCATCCTACCGT
16,MK N157K 5 aa HiFi-ABE Site 3 OT 3OT1 a,GAACACAATGCATAGATTGC,GTGTGGAGAGTGAGTAAGCCAgaacacaatgcatagattgccggtaaataggtttagattcatccatttttaaaaaatggtgtgggagcattaaatatgtatatagtagatatggaaaaatgattctcataataactgacatttctgtttcacaagaaaattattttacattatatgtatattttacataaattatacatagtcatttaaaaagctcaaatagtgcaaaaacaatatggagaatTGCCTGAAATCATCCTACCGT
17,MK N157K 5 aa HiFi-ABE Site 3 OT 3OT1 b,GAACACAATGCATAGATTGC,GTGTGGAGAGTGAGTAAGCCAgaacacaatgcatagattgccggtaaataggtttagattcatccatttttaaaaaatggtgtgggagcattaaatatgtatatagtagatatggaaaaatgattctcataataactgacatttctgtttcacaagaaaattattttacattatatgtatattttacataaattatacatagtcatttaaaaagctcaaatagtgcaaaaacaatatggagaatTGCCTGAAATCATCCTACCGT
18,MK N157K 5 aa HiFi-ABE Site 3 OT 3OT1 c,GAACACAATGCATAGATTGC,GTGTGGAGAGTGAGTAAGCCAgaacacaatgcatagattgccggtaaataggtttagattcatccatttttaaaaaatggtgtgggagcattaaatatgtatatagtagatatggaaaaatgattctcataataactgacatttctgtttcacaagaaaattattttacattatatgtatattttacataaattatacatagtcatttaaaaagctcaaatagtgcaaaaacaatatggagaatTGCCTGAAATCATCCTACCGT
19,MK inlaid HiFi-ABE Site 3 OT 3OT1 a,GAACACAATGCATAGATTGC,GTGTGGAGAGTGAGTAAGCCAgaacacaatgcatagattgccggtaaataggtttagattcatccatttttaaaaaatggtgtgggagcattaaatatgtatatagtagatatggaaaaatgattctcataataactgacatttctgtttcacaagaaaattattttacattatatgtatattttacataaattatacatagtcatttaaaaagctcaaatagtgcaaaaacaatatggagaatTGCCTGAAATCATCCTACCGT
20,MK inlaid HiFi-ABE Site 3 OT 3OT1 b,GAACACAATGCATAGATTGC,GTGTGGAGAGTGAGTAAGCCAgaacacaatgcatagattgccggtaaataggtttagattcatccatttttaaaaaatggtgtgggagcattaaatatgtatatagtagatatggaaaaatgattctcataataactgacatttctgtttcacaagaaaattattttacattatatgtatattttacataaattatacatagtcatttaaaaagctcaaatagtgcaaaaacaatatggagaatTGCCTGAAATCATCCTACCGT
21,MK inlaid HiFi-ABE Site 3 OT 3OT1 c,GAACACAATGCATAGATTGC,GTGTGGAGAGTGAGTAAGCCAgaacacaatgcatagattgccggtaaataggtttagattcatccatttttaaaaaatggtgtgggagcattaaatatgtatatagtagatatggaaaaatgattctcataataactgacatttctgtttcacaagaaaattattttacattatatgtatattttacataaattatacatagtcatttaaaaagctcaaatagtgcaaaaacaatatggagaatTGCCTGAAATCATCCTACCGT
22,MK Con Site 5 OT 5OT1 a,GGTGGGATGGGGTCCCCAAG,ATGGCTGCAAATCCAAGGGTgcacactggggtgtccttggcctgagtgccagcctgcagagagcaggagtgggccacttggggaccccatcccaccaggaagcctgagaaagcccaggttgagcccggccctgtggaattctGGAGAGCCCGAGAAGCATTT
23,MK Con Site 5 OT 5OT1 b,GGTGGGATGGGGTCCCCAAG,ATGGCTGCAAATCCAAGGGTgcacactggggtgtccttggcctgagtgccagcctgcagagagcaggagtgggccacttggggaccccatcccaccaggaagcctgagaaagcccaggttgagcccggccctgtggaattctGGAGAGCCCGAGAAGCATTT
24,MK Con Site 5 OT 5OT1 c,GGTGGGATGGGGTCCCCAAG,ATGGCTGCAAATCCAAGGGTgcacactggggtgtccttggcctgagtgccagcctgcagagagcaggagtgggccacttggggaccccatcccaccaggaagcctgagaaagcccaggttgagcccggccctgtggaattctGGAGAGCCCGAGAAGCATTT
25,MK ABE8e Site 5 OT 5OT1 a,GGTGGGATGGGGTCCCCAAG,ATGGCTGCAAATCCAAGGGTgcacactggggtgtccttggcctgagtgccagcctgcagagagcaggagtgggccacttggggaccccatcccaccaggaagcctgagaaagcccaggttgagcccggccctgtggaattctGGAGAGCCCGAGAAGCATTT
26,MK ABE8e Site 5 OT 5OT1 b,GGTGGGATGGGGTCCCCAAG,ATGGCTGCAAATCCAAGGGTgcacactggggtgtccttggcctgagtgccagcctgcagagagcaggagtgggccacttggggaccccatcccaccaggaagcctgagaaagcccaggttgagcccggccctgtggaattctGGAGAGCCCGAGAAGCATTT
27,MK ABE8e Site 5 OT 5OT1 c,GGTGGGATGGGGTCCCCAAG,ATGGCTGCAAATCCAAGGGTgcacactggggtgtccttggcctgagtgccagcctgcagagagcaggagtgggccacttggggaccccatcccaccaggaagcctgagaaagcccaggttgagcccggccctgtggaattctGGAGAGCCCGAGAAGCATTT
28,MK HiFi-ABE Site 5 OT 5OT1 a,GGTGGGATGGGGTCCCCAAG,ATGGCTGCAAATCCAAGGGTgcacactggggtgtccttggcctgagtgccagcctgcagagagcaggagtgggccacttggggaccccatcccaccaggaagcctgagaaagcccaggttgagcccggccctgtggaattctGGAGAGCCCGAGAAGCATTT
29,MK HiFi-ABE Site 5 OT 5OT1 b,GGTGGGATGGGGTCCCCAAG,ATGGCTGCAAATCCAAGGGTgcacactggggtgtccttggcctgagtgccagcctgcagagagcaggagtgggccacttggggaccccatcccaccaggaagcctgagaaagcccaggttgagcccggccctgtggaattctGGAGAGCCCGAGAAGCATTT
30,MK HiFi-ABE Site 5 OT 5OT1 c,GGTGGGATGGGGTCCCCAAG,ATGGCTGCAAATCCAAGGGTgcacactggggtgtccttggcctgagtgccagcctgcagagagcaggagtgggccacttggggaccccatcccaccaggaagcctgagaaagcccaggttgagcccggccctgtggaattctGGAGAGCCCGAGAAGCATTT
31,MK N157K HiFi-ABE Site 5 OT 5OT1 a,GGTGGGATGGGGTCCCCAAG,ATGGCTGCAAATCCAAGGGTgcacactggggtgtccttggcctgagtgccagcctgcagagagcaggagtgggccacttggggaccccatcccaccaggaagcctgagaaagcccaggttgagcccggccctgtggaattctGGAGAGCCCGAGAAGCATTT
32,MK N157K HiFi-ABE Site 5 OT 5OT1 b,GGTGGGATGGGGTCCCCAAG,ATGGCTGCAAATCCAAGGGTgcacactggggtgtccttggcctgagtgccagcctgcagagagcaggagtgggccacttggggaccccatcccaccaggaagcctgagaaagcccaggttgagcccggccctgtggaattctGGAGAGCCCGAGAAGCATTT
33,MK N157K HiFi-ABE Site 5 OT 5OT1 c,GGTGGGATGGGGTCCCCAAG,ATGGCTGCAAATCCAAGGGTgcacactggggtgtccttggcctgagtgccagcctgcagagagcaggagtgggccacttggggaccccatcccaccaggaagcctgagaaagcccaggttgagcccggccctgtggaattctGGAGAGCCCGAGAAGCATTT
34,MK N157K 10 aa HiFi-ABE Site 5 OT 5OT1 a,GGTGGGATGGGGTCCCCAAG,ATGGCTGCAAATCCAAGGGTgcacactggggtgtccttggcctgagtgccagcctgcagagagcaggagtgggccacttggggaccccatcccaccaggaagcctgagaaagcccaggttgagcccggccctgtggaattctGGAGAGCCCGAGAAGCATTT
35,MK N157K 10 aa HiFi-ABE Site 5 OT 5OT1 b,GGTGGGATGGGGTCCCCAAG,ATGGCTGCAAATCCAAGGGTgcacactggggtgtccttggcctgagtgccagcctgcagagagcaggagtgggccacttggggaccccatcccaccaggaagcctgagaaagcccaggttgagcccggccctgtggaattctGGAGAGCCCGAGAAGCATTT
36,MK N157K 10 aa HiFi-ABE Site 5 OT 5OT1 c,GGTGGGATGGGGTCCCCAAG,ATGGCTGCAAATCCAAGGGTgcacactggggtgtccttggcctgagtgccagcctgcagagagcaggagtgggccacttggggaccccatcccaccaggaagcctgagaaagcccaggttgagcccggccctgtggaattctGGAGAGCCCGAGAAGCATTT
37,MK N157K 5 aa HiFi-ABE Site 5 OT 5OT1 a,GGTGGGATGGGGTCCCCAAG,ATGGCTGCAAATCCAAGGGTgcacactggggtgtccttggcctgagtgccagcctgcagagagcaggagtgggccacttggggaccccatcccaccaggaagcctgagaaagcccaggttgagcccggccctgtggaattctGGAGAGCCCGAGAAGCATTT
38,MK N157K 5 aa HiFi-ABE Site 5 OT 5OT1 b,GGTGGGATGGGGTCCCCAAG,ATGGCTGCAAATCCAAGGGTgcacactggggtgtccttggcctgagtgccagcctgcagagagcaggagtgggccacttggggaccccatcccaccaggaagcctgagaaagcccaggttgagcccggccctgtggaattctGGAGAGCCCGAGAAGCATTT
39,MK N157K 5 aa HiFi-ABE Site 5 OT 5OT1 c,GGTGGGATGGGGTCCCCAAG,ATGGCTGCAAATCCAAGGGTgcacactggggtgtccttggcctgagtgccagcctgcagagagcaggagtgggccacttggggaccccatcccaccaggaagcctgagaaagcccaggttgagcccggccctgtggaattctGGAGAGCCCGAGAAGCATTT
40,MK inlaid HiFi-ABE Site 5 OT 5OT1 a,GGTGGGATGGGGTCCCCAAG,ATGGCTGCAAATCCAAGGGTgcacactggggtgtccttggcctgagtgccagcctgcagagagcaggagtgggccacttggggaccccatcccaccaggaagcctgagaaagcccaggttgagcccggccctgtggaattctGGAGAGCCCGAGAAGCATTT
41,MK inlaid HiFi-ABE Site 5 OT 5OT1 b,GGTGGGATGGGGTCCCCAAG,ATGGCTGCAAATCCAAGGGTgcacactggggtgtccttggcctgagtgccagcctgcagagagcaggagtgggccacttggggaccccatcccaccaggaagcctgagaaagcccaggttgagcccggccctgtggaattctGGAGAGCCCGAGAAGCATTT
42,MK inlaid HiFi-ABE Site 5 OT 5OT1 c,GGTGGGATGGGGTCCCCAAG,ATGGCTGCAAATCCAAGGGTgcacactggggtgtccttggcctgagtgccagcctgcagagagcaggagtgggccacttggggaccccatcccaccaggaagcctgagaaagcccaggttgagcccggccctgtggaattctGGAGAGCCCGAGAAGCATTT
43,MK Con Site 5 OT 5OT2 a,GGTAGGGAGAGGCCCCCAGA,GAGGTTGAAACTCCTCGCCAcagtccactctccatctccatccctaccccatcaataagcccttcccccaccatctcaagacactggaatgcaggtagggagaggcccccagagggagtatttgagaatttgctcccctgtcccttgcctcaacTACTCTCAGTTGCATCTTAATTCC
44,MK Con Site 5 OT 5OT2 b,GGTAGGGAGAGGCCCCCAGA,GAGGTTGAAACTCCTCGCCAcagtccactctccatctccatccctaccccatcaataagcccttcccccaccatctcaagacactggaatgcaggtagggagaggcccccagagggagtatttgagaatttgctcccctgtcccttgcctcaacTACTCTCAGTTGCATCTTAATTCC
45,MK Con Site 5 OT 5OT2 c,GGTAGGGAGAGGCCCCCAGA,GAGGTTGAAACTCCTCGCCAcagtccactctccatctccatccctaccccatcaataagcccttcccccaccatctcaagacactggaatgcaggtagggagaggcccccagagggagtatttgagaatttgctcccctgtcccttgcctcaacTACTCTCAGTTGCATCTTAATTCC
46,MK ABE8e Site 5 OT 5OT2 a,GGTAGGGAGAGGCCCCCAGA,GAGGTTGAAACTCCTCGCCAcagtccactctccatctccatccctaccccatcaataagcccttcccccaccatctcaagacactggaatgcaggtagggagaggcccccagagggagtatttgagaatttgctcccctgtcccttgcctcaacTACTCTCAGTTGCATCTTAATTCC
47,MK ABE8e Site 5 OT 5OT2 b,GGTAGGGAGAGGCCCCCAGA,GAGGTTGAAACTCCTCGCCAcagtccactctccatctccatccctaccccatcaataagcccttcccccaccatctcaagacactggaatgcaggtagggagaggcccccagagggagtatttgagaatttgctcccctgtcccttgcctcaacTACTCTCAGTTGCATCTTAATTCC
48,MK ABE8e Site 5 OT 5OT2 c,GGTAGGGAGAGGCCCCCAGA,GAGGTTGAAACTCCTCGCCAcagtccactctccatctccatccctaccccatcaataagcccttcccccaccatctcaagacactggaatgcaggtagggagaggcccccagagggagtatttgagaatttgctcccctgtcccttgcctcaacTACTCTCAGTTGCATCTTAATTCC
49,MK HiFi-ABE Site 5 OT 5OT2 a,GGTAGGGAGAGGCCCCCAGA,GAGGTTGAAACTCCTCGCCAcagtccactctccatctccatccctaccccatcaataagcccttcccccaccatctcaagacactggaatgcaggtagggagaggcccccagagggagtatttgagaatttgctcccctgtcccttgcctcaacTACTCTCAGTTGCATCTTAATTCC
50,MK HiFi-ABE Site 5 OT 5OT2 b,GGTAGGGAGAGGCCCCCAGA,GAGGTTGAAACTCCTCGCCAcagtccactctccatctccatccctaccccatcaataagcccttcccccaccatctcaagacactggaatgcaggtagggagaggcccccagagggagtatttgagaatttgctcccctgtcccttgcctcaacTACTCTCAGTTGCATCTTAATTCC
51,MK HiFi-ABE Site 5 OT 5OT2 c,GGTAGGGAGAGGCCCCCAGA,GAGGTTGAAACTCCTCGCCAcagtccactctccatctccatccctaccccatcaataagcccttcccccaccatctcaagacactggaatgcaggtagggagaggcccccagagggagtatttgagaatttgctcccctgtcccttgcctcaacTACTCTCAGTTGCATCTTAATTCC
52,MK N157K HiFi-ABE Site 5 OT 5OT2 a,GGTAGGGAGAGGCCCCCAGA,GAGGTTGAAACTCCTCGCCAcagtccactctccatctccatccctaccccatcaataagcccttcccccaccatctcaagacactggaatgcaggtagggagaggcccccagagggagtatttgagaatttgctcccctgtcccttgcctcaacTACTCTCAGTTGCATCTTAATTCC
53,MK N157K HiFi-ABE Site 5 OT 5OT2 b,GGTAGGGAGAGGCCCCCAGA,GAGGTTGAAACTCCTCGCCAcagtccactctccatctccatccctaccccatcaataagcccttcccccaccatctcaagacactggaatgcaggtagggagaggcccccagagggagtatttgagaatttgctcccctgtcccttgcctcaacTACTCTCAGTTGCATCTTAATTCC
54,MK N157K HiFi-ABE Site 5 OT 5OT2 c,GGTAGGGAGAGGCCCCCAGA,GAGGTTGAAACTCCTCGCCAcagtccactctccatctccatccctaccccatcaataagcccttcccccaccatctcaagacactggaatgcaggtagggagaggcccccagagggagtatttgagaatttgctcccctgtcccttgcctcaacTACTCTCAGTTGCATCTTAATTCC
55,MK N157K 10 aa HiFi-ABE Site 5 OT 5OT2 a,GGTAGGGAGAGGCCCCCAGA,GAGGTTGAAACTCCTCGCCAcagtccactctccatctccatccctaccccatcaataagcccttcccccaccatctcaagacactggaatgcaggtagggagaggcccccagagggagtatttgagaatttgctcccctgtcccttgcctcaacTACTCTCAGTTGCATCTTAATTCC
56,MK N157K 10 aa HiFi-ABE Site 5 OT 5OT2 b,GGTAGGGAGAGGCCCCCAGA,GAGGTTGAAACTCCTCGCCAcagtccactctccatctccatccctaccccatcaataagcccttcccccaccatctcaagacactggaatgcaggtagggagaggcccccagagggagtatttgagaatttgctcccctgtcccttgcctcaacTACTCTCAGTTGCATCTTAATTCC
57,MK N157K 10 aa HiFi-ABE Site 5 OT 5OT2 c,GGTAGGGAGAGGCCCCCAGA,GAGGTTGAAACTCCTCGCCAcagtccactctccatctccatccctaccccatcaataagcccttcccccaccatctcaagacactggaatgcaggtagggagaggcccccagagggagtatttgagaatttgctcccctgtcccttgcctcaacTACTCTCAGTTGCATCTTAATTCC
58,MK N157K 5 aa HiFi-ABE Site 5 OT 5OT2 a,GGTAGGGAGAGGCCCCCAGA,GAGGTTGAAACTCCTCGCCAcagtccactctccatctccatccctaccccatcaataagcccttcccccaccatctcaagacactggaatgcaggtagggagaggcccccagagggagtatttgagaatttgctcccctgtcccttgcctcaacTACTCTCAGTTGCATCTTAATTCC
59,MK N157K 5 aa HiFi-ABE Site 5 OT 5OT2 b,GGTAGGGAGAGGCCCCCAGA,GAGGTTGAAACTCCTCGCCAcagtccactctccatctccatccctaccccatcaataagcccttcccccaccatctcaagacactggaatgcaggtagggagaggcccccagagggagtatttgagaatttgctcccctgtcccttgcctcaacTACTCTCAGTTGCATCTTAATTCC
60,MK N157K 5 aa HiFi-ABE Site 5 OT 5OT2 c,GGTAGGGAGAGGCCCCCAGA,GAGGTTGAAACTCCTCGCCAcagtccactctccatctccatccctaccccatcaataagcccttcccccaccatctcaagacactggaatgcaggtagggagaggcccccagagggagtatttgagaatttgctcccctgtcccttgcctcaacTACTCTCAGTTGCATCTTAATTCC
61,MK inlaid HiFi-ABE Site 5 OT 5OT2 a,GGTAGGGAGAGGCCCCCAGA,GAGGTTGAAACTCCTCGCCAcagtccactctccatctccatccctaccccatcaataagcccttcccccaccatctcaagacactggaatgcaggtagggagaggcccccagagggagtatttgagaatttgctcccctgtcccttgcctcaacTACTCTCAGTTGCATCTTAATTCC
62,MK inlaid HiFi-ABE Site 5 OT 5OT2 b,GGTAGGGAGAGGCCCCCAGA,GAGGTTGAAACTCCTCGCCAcagtccactctccatctccatccctaccccatcaataagcccttcccccaccatctcaagacactggaatgcaggtagggagaggcccccagagggagtatttgagaatttgctcccctgtcccttgcctcaacTACTCTCAGTTGCATCTTAATTCC
63,MK inlaid HiFi-ABE Site 5 OT 5OT2 c,GGTAGGGAGAGGCCCCCAGA,GAGGTTGAAACTCCTCGCCAcagtccactctccatctccatccctaccccatcaataagcccttcccccaccatctcaagacactggaatgcaggtagggagaggcccccagagggagtatttgagaatttgctcccctgtcccttgcctcaacTACTCTCAGTTGCATCTTAATTCC
64,MK Con Site 5 OT 5OT3 a,GGTGGGGAGCGGCCCCCCAG,GGCTGTCCCTGGTTGTCTGGtacctggctttggagcaatgagggctggtggggagcggccccccagtggggccgtctgattagcgcagggctgccgtgtggaccaatcagctgctcaggaaggggccggccccTAACCAGGCCTCAGTGCTCG
65,MK Con Site 5 OT 5OT3 b,GGTGGGGAGCGGCCCCCCAG,GGCTGTCCCTGGTTGTCTGGtacctggctttggagcaatgagggctggtggggagcggccccccagtggggccgtctgattagcgcagggctgccgtgtggaccaatcagctgctcaggaaggggccggccccTAACCAGGCCTCAGTGCTCG
66,MK Con Site 5 OT 5OT3 c,GGTGGGGAGCGGCCCCCCAG,GGCTGTCCCTGGTTGTCTGGtacctggctttggagcaatgagggctggtggggagcggccccccagtggggccgtctgattagcgcagggctgccgtgtggaccaatcagctgctcaggaaggggccggccccTAACCAGGCCTCAGTGCTCG
67,MK ABE8e Site 5 OT 5OT3 a,GGTGGGGAGCGGCCCCCCAG,GGCTGTCCCTGGTTGTCTGGtacctggctttggagcaatgagggctggtggggagcggccccccagtggggccgtctgattagcgcagggctgccgtgtggaccaatcagctgctcaggaaggggccggccccTAACCAGGCCTCAGTGCTCG
68,MK ABE8e Site 5 OT 5OT3 b,GGTGGGGAGCGGCCCCCCAG,GGCTGTCCCTGGTTGTCTGGtacctggctttggagcaatgagggctggtggggagcggccccccagtggggccgtctgattagcgcagggctgccgtgtggaccaatcagctgctcaggaaggggccggccccTAACCAGGCCTCAGTGCTCG
69,MK ABE8e Site 5 OT 5OT3 c,GGTGGGGAGCGGCCCCCCAG,GGCTGTCCCTGGTTGTCTGGtacctggctttggagcaatgagggctggtggggagcggccccccagtggggccgtctgattagcgcagggctgccgtgtggaccaatcagctgctcaggaaggggccggccccTAACCAGGCCTCAGTGCTCG
70,MK HiFi-ABE Site 5 OT 5OT3 a,GGTGGGGAGCGGCCCCCCAG,GGCTGTCCCTGGTTGTCTGGtacctggctttggagcaatgagggctggtggggagcggccccccagtggggccgtctgattagcgcagggctgccgtgtggaccaatcagctgctcaggaaggggccggccccTAACCAGGCCTCAGTGCTCG
71,MK HiFi-ABE Site 5 OT 5OT3 b,GGTGGGGAGCGGCCCCCCAG,GGCTGTCCCTGGTTGTCTGGtacctggctttggagcaatgagggctggtggggagcggccccccagtggggccgtctgattagcgcagggctgccgtgtggaccaatcagctgctcaggaaggggccggccccTAACCAGGCCTCAGTGCTCG
72,MK HiFi-ABE Site 5 OT 5OT3 c,GGTGGGGAGCGGCCCCCCAG,GGCTGTCCCTGGTTGTCTGGtacctggctttggagcaatgagggctggtggggagcggccccccagtggggccgtctgattagcgcagggctgccgtgtggaccaatcagctgctcaggaaggggccggccccTAACCAGGCCTCAGTGCTCG
73,MK N157K HiFi-ABE Site 5 OT 5OT3 a,GGTGGGGAGCGGCCCCCCAG,GGCTGTCCCTGGTTGTCTGGtacctggctttggagcaatgagggctggtggggagcggccccccagtggggccgtctgattagcgcagggctgccgtgtggaccaatcagctgctcaggaaggggccggccccTAACCAGGCCTCAGTGCTCG
74,MK N157K HiFi-ABE Site 5 OT 5OT3 b,GGTGGGGAGCGGCCCCCCAG,GGCTGTCCCTGGTTGTCTGGtacctggctttggagcaatgagggctggtggggagcggccccccagtggggccgtctgattagcgcagggctgccgtgtggaccaatcagctgctcaggaaggggccggccccTAACCAGGCCTCAGTGCTCG
75,MK N157K HiFi-ABE Site 5 OT 5OT3 c,GGTGGGGAGCGGCCCCCCAG,GGCTGTCCCTGGTTGTCTGGtacctggctttggagcaatgagggctggtggggagcggccccccagtggggccgtctgattagcgcagggctgccgtgtggaccaatcagctgctcaggaaggggccggccccTAACCAGGCCTCAGTGCTCG
76,MK N157K 10 aa HiFi-ABE Site 5 OT 5OT3 a,GGTGGGGAGCGGCCCCCCAG,GGCTGTCCCTGGTTGTCTGGtacctggctttggagcaatgagggctggtggggagcggccccccagtggggccgtctgattagcgcagggctgccgtgtggaccaatcagctgctcaggaaggggccggccccTAACCAGGCCTCAGTGCTCG
77,MK N157K 10 aa HiFi-ABE Site 5 OT 5OT3 b,GGTGGGGAGCGGCCCCCCAG,GGCTGTCCCTGGTTGTCTGGtacctggctttggagcaatgagggctggtggggagcggccccccagtggggccgtctgattagcgcagggctgccgtgtggaccaatcagctgctcaggaaggggccggccccTAACCAGGCCTCAGTGCTCG
78,MK N157K 10 aa HiFi-ABE Site 5 OT 5OT3 c,GGTGGGGAGCGGCCCCCCAG,GGCTGTCCCTGGTTGTCTGGtacctggctttggagcaatgagggctggtggggagcggccccccagtggggccgtctgattagcgcagggctgccgtgtggaccaatcagctgctcaggaaggggccggccccTAACCAGGCCTCAGTGCTCG
79,MK N157K 5 aa HiFi-ABE Site 5 OT 5OT3 a,GGTGGGGAGCGGCCCCCCAG,GGCTGTCCCTGGTTGTCTGGtacctggctttggagcaatgagggctggtggggagcggccccccagtggggccgtctgattagcgcagggctgccgtgtggaccaatcagctgctcaggaaggggccggccccTAACCAGGCCTCAGTGCTCG
80,MK N157K 5 aa HiFi-ABE Site 5 OT 5OT3 b,GGTGGGGAGCGGCCCCCCAG,GGCTGTCCCTGGTTGTCTGGtacctggctttggagcaatgagggctggtggggagcggccccccagtggggccgtctgattagcgcagggctgccgtgtggaccaatcagctgctcaggaaggggccggccccTAACCAGGCCTCAGTGCTCG
81,MK N157K 5 aa HiFi-ABE Site 5 OT 5OT3 c,GGTGGGGAGCGGCCCCCCAG,GGCTGTCCCTGGTTGTCTGGtacctggctttggagcaatgagggctggtggggagcggccccccagtggggccgtctgattagcgcagggctgccgtgtggaccaatcagctgctcaggaaggggccggccccTAACCAGGCCTCAGTGCTCG
82,MK inlaid HiFi-ABE Site 5 OT 5OT3 a,GGTGGGGAGCGGCCCCCCAG,GGCTGTCCCTGGTTGTCTGGtacctggctttggagcaatgagggctggtggggagcggccccccagtggggccgtctgattagcgcagggctgccgtgtggaccaatcagctgctcaggaaggggccggccccTAACCAGGCCTCAGTGCTCG
83,MK inlaid HiFi-ABE Site 5 OT 5OT3 b,GGTGGGGAGCGGCCCCCCAG,GGCTGTCCCTGGTTGTCTGGtacctggctttggagcaatgagggctggtggggagcggccccccagtggggccgtctgattagcgcagggctgccgtgtggaccaatcagctgctcaggaaggggccggccccTAACCAGGCCTCAGTGCTCG
84,MK inlaid HiFi-ABE Site 5 OT 5OT3 c,GGTGGGGAGCGGCCCCCCAG,GGCTGTCCCTGGTTGTCTGGtacctggctttggagcaatgagggctggtggggagcggccccccagtggggccgtctgattagcgcagggctgccgtgtggaccaatcagctgctcaggaaggggccggccccTAACCAGGCCTCAGTGCTCG
85,MK Con Site 6 OT 6OT4 a,AGTGAGTGAGTGTGTGTGTG,GCTCATTTCCTACGGCCCAGggagcggccactgcagcggcggcggggaggggaaggggtgaaggggagggggaagtcaccgacaacaacaagccgagtcccccccacacacacactcactcactcactcactcgctctctcactcacacacacacacaacacgggcaaGAACCACCTCCTCACTGCAG
86,MK Con Site 6 OT 6OT4 b,AGTGAGTGAGTGTGTGTGTG,GCTCATTTCCTACGGCCCAGggagcggccactgcagcggcggcggggaggggaaggggtgaaggggagggggaagtcaccgacaacaacaagccgagtcccccccacacacacactcactcactcactcactcgctctctcactcacacacacacacaacacgggcaaGAACCACCTCCTCACTGCAG
87,MK Con Site 6 OT 6OT4 c,AGTGAGTGAGTGTGTGTGTG,GCTCATTTCCTACGGCCCAGggagcggccactgcagcggcggcggggaggggaaggggtgaaggggagggggaagtcaccgacaacaacaagccgagtcccccccacacacacactcactcactcactcactcgctctctcactcacacacacacacaacacgggcaaGAACCACCTCCTCACTGCAG
88,MK ABE8e Site 6 OT 6OT4 a,AGTGAGTGAGTGTGTGTGTG,GCTCATTTCCTACGGCCCAGggagcggccactgcagcggcggcggggaggggaaggggtgaaggggagggggaagtcaccgacaacaacaagccgagtcccccccacacacacactcactcactcactcactcgctctctcactcacacacacacacaacacgggcaaGAACCACCTCCTCACTGCAG
89,MK ABE8e Site 6 OT 6OT4 b,AGTGAGTGAGTGTGTGTGTG,GCTCATTTCCTACGGCCCAGggagcggccactgcagcggcggcggggaggggaaggggtgaaggggagggggaagtcaccgacaacaacaagccgagtcccccccacacacacactcactcactcactcactcgctctctcactcacacacacacacaacacgggcaaGAACCACCTCCTCACTGCAG
90,MK ABE8e Site 6 OT 6OT4 c,AGTGAGTGAGTGTGTGTGTG,GCTCATTTCCTACGGCCCAGggagcggccactgcagcggcggcggggaggggaaggggtgaaggggagggggaagtcaccgacaacaacaagccgagtcccccccacacacacactcactcactcactcactcgctctctcactcacacacacacacaacacgggcaaGAACCACCTCCTCACTGCAG
91,MK HiFi-ABE Site 6 OT 6OT4 a,AGTGAGTGAGTGTGTGTGTG,GCTCATTTCCTACGGCCCAGggagcggccactgcagcggcggcggggaggggaaggggtgaaggggagggggaagtcaccgacaacaacaagccgagtcccccccacacacacactcactcactcactcactcgctctctcactcacacacacacacaacacgggcaaGAACCACCTCCTCACTGCAG
92,MK HiFi-ABE Site 6 OT 6OT4 b,AGTGAGTGAGTGTGTGTGTG,GCTCATTTCCTACGGCCCAGggagcggccactgcagcggcggcggggaggggaaggggtgaaggggagggggaagtcaccgacaacaacaagccgagtcccccccacacacacactcactcactcactcactcgctctctcactcacacacacacacaacacgggcaaGAACCACCTCCTCACTGCAG
93,MK HiFi-ABE Site 6 OT 6OT4 c,AGTGAGTGAGTGTGTGTGTG,GCTCATTTCCTACGGCCCAGggagcggccactgcagcggcggcggggaggggaaggggtgaaggggagggggaagtcaccgacaacaacaagccgagtcccccccacacacacactcactcactcactcactcgctctctcactcacacacacacacaacacgggcaaGAACCACCTCCTCACTGCAG
94,MK N157K HiFi-ABE Site 6 OT 6OT4 a,AGTGAGTGAGTGTGTGTGTG,GCTCATTTCCTACGGCCCAGggagcggccactgcagcggcggcggggaggggaaggggtgaaggggagggggaagtcaccgacaacaacaagccgagtcccccccacacacacactcactcactcactcactcgctctctcactcacacacacacacaacacgggcaaGAACCACCTCCTCACTGCAG
95,MK N157K HiFi-ABE Site 6 OT 6OT4 b,AGTGAGTGAGTGTGTGTGTG,GCTCATTTCCTACGGCCCAGggagcggccactgcagcggcggcggggaggggaaggggtgaaggggagggggaagtcaccgacaacaacaagccgagtcccccccacacacacactcactcactcactcactcgctctctcactcacacacacacacaacacgggcaaGAACCACCTCCTCACTGCAG
96,MK N157K HiFi-ABE Site 6 OT 6OT4 c,AGTGAGTGAGTGTGTGTGTG,GCTCATTTCCTACGGCCCAGggagcggccactgcagcggcggcggggaggggaaggggtgaaggggagggggaagtcaccgacaacaacaagccgagtcccccccacacacacactcactcactcactcactcgctctctcactcacacacacacacaacacgggcaaGAACCACCTCCTCACTGCAG
97,MK N157K 10 aa HiFi-ABE Site 6 OT 6OT4 a,AGTGAGTGAGTGTGTGTGTG,GCTCATTTCCTACGGCCCAGggagcggccactgcagcggcggcggggaggggaaggggtgaaggggagggggaagtcaccgacaacaacaagccgagtcccccccacacacacactcactcactcactcactcgctctctcactcacacacacacacaacacgggcaaGAACCACCTCCTCACTGCAG
98,MK N157K 10 aa HiFi-ABE Site 6 OT 6OT4 b,AGTGAGTGAGTGTGTGTGTG,GCTCATTTCCTACGGCCCAGggagcggccactgcagcggcggcggggaggggaaggggtgaaggggagggggaagtcaccgacaacaacaagccgagtcccccccacacacacactcactcactcactcactcgctctctcactcacacacacacacaacacgggcaaGAACCACCTCCTCACTGCAG
99,MK N157K 10 aa HiFi-ABE Site 6 OT 6OT4 c,AGTGAGTGAGTGTGTGTGTG,GCTCATTTCCTACGGCCCAGggagcggccactgcagcggcggcggggaggggaaggggtgaaggggagggggaagtcaccgacaacaacaagccgagtcccccccacacacacactcactcactcactcactcgctctctcactcacacacacacacaacacgggcaaGAACCACCTCCTCACTGCAG
100,MK N157K 5 aa HiFi-ABE Site 6 OT 6OT4 a,AGTGAGTGAGTGTGTGTGTG,GCTCATTTCCTACGGCCCAGggagcggccactgcagcggcggcggggaggggaaggggtgaaggggagggggaagtcaccgacaacaacaagccgagtcccccccacacacacactcactcactcactcactcgctctctcactcacacacacacacaacacgggcaaGAACCACCTCCTCACTGCAG
101,MK N157K 5 aa HiFi-ABE Site 6 OT 6OT4 b,AGTGAGTGAGTGTGTGTGTG,GCTCATTTCCTACGGCCCAGggagcggccactgcagcggcggcggggaggggaaggggtgaaggggagggggaagtcaccgacaacaacaagccgagtcccccccacacacacactcactcactcactcactcgctctctcactcacacacacacacaacacgggcaaGAACCACCTCCTCACTGCAG
102,MK N157K 5 aa HiFi-ABE Site 6 OT 6OT4 c,AGTGAGTGAGTGTGTGTGTG,GCTCATTTCCTACGGCCCAGggagcggccactgcagcggcggcggggaggggaaggggtgaaggggagggggaagtcaccgacaacaacaagccgagtcccccccacacacacactcactcactcactcactcgctctctcactcacacacacacacaacacgggcaaGAACCACCTCCTCACTGCAG
103,MK inlaid HiFi-ABE Site 6 OT 6OT4 a,AGTGAGTGAGTGTGTGTGTG,GCTCATTTCCTACGGCCCAGggagcggccactgcagcggcggcggggaggggaaggggtgaaggggagggggaagtcaccgacaacaacaagccgagtcccccccacacacacactcactcactcactcactcgctctctcactcacacacacacacaacacgggcaaGAACCACCTCCTCACTGCAG
104,MK inlaid HiFi-ABE Site 6 OT 6OT4 b,AGTGAGTGAGTGTGTGTGTG,GCTCATTTCCTACGGCCCAGggagcggccactgcagcggcggcggggaggggaaggggtgaaggggagggggaagtcaccgacaacaacaagccgagtcccccccacacacacactcactcactcactcactcgctctctcactcacacacacacacaacacgggcaaGAACCACCTCCTCACTGCAG
105,MK inlaid HiFi-ABE Site 6 OT 6OT4 c,AGTGAGTGAGTGTGTGTGTG,GCTCATTTCCTACGGCCCAGggagcggccactgcagcggcggcggggaggggaaggggtgaaggggagggggaagtcaccgacaacaacaagccgagtcccccccacacacacactcactcactcactcactcgctctctcactcacacacacacacaacacgggcaaGAACCACCTCCTCACTGCAG
106,MK Con Site 6 OT 6OT6 a,TGTGAGTAAGTGTGTGTGTG,GCCACAGGCACTAACTTCTTCAgcctatctcctatctgctcttccctcccaccccctccaCACACACACACTTACTCACAcgctcacaaacacatgcccaacctaattcagggactcacatacaGCTTAGGAAAGGCAGCTTCATC
107,MK Con Site 6 OT 6OT6 b,TGTGAGTAAGTGTGTGTGTG,GCCACAGGCACTAACTTCTTCAgcctatctcctatctgctcttccctcccaccccctccaCACACACACACTTACTCACAcgctcacaaacacatgcccaacctaattcagggactcacatacaGCTTAGGAAAGGCAGCTTCATC
108,MK Con Site 6 OT 6OT6 c,TGTGAGTAAGTGTGTGTGTG,GCCACAGGCACTAACTTCTTCAgcctatctcctatctgctcttccctcccaccccctccaCACACACACACTTACTCACAcgctcacaaacacatgcccaacctaattcagggactcacatacaGCTTAGGAAAGGCAGCTTCATC
109,MK ABE8e Site 6 OT 6OT6 a,TGTGAGTAAGTGTGTGTGTG,GCCACAGGCACTAACTTCTTCAgcctatctcctatctgctcttccctcccaccccctccaCACACACACACTTACTCACAcgctcacaaacacatgcccaacctaattcagggactcacatacaGCTTAGGAAAGGCAGCTTCATC
110,MK ABE8e Site 6 OT 6OT6 b,TGTGAGTAAGTGTGTGTGTG,GCCACAGGCACTAACTTCTTCAgcctatctcctatctgctcttccctcccaccccctccaCACACACACACTTACTCACAcgctcacaaacacatgcccaacctaattcagggactcacatacaGCTTAGGAAAGGCAGCTTCATC
111,MK ABE8e Site 6 OT 6OT6 c,TGTGAGTAAGTGTGTGTGTG,GCCACAGGCACTAACTTCTTCAgcctatctcctatctgctcttccctcccaccccctccaCACACACACACTTACTCACAcgctcacaaacacatgcccaacctaattcagggactcacatacaGCTTAGGAAAGGCAGCTTCATC
112,MK HiFi-ABE Site 6 OT 6OT6 a,TGTGAGTAAGTGTGTGTGTG,GCCACAGGCACTAACTTCTTCAgcctatctcctatctgctcttccctcccaccccctccaCACACACACACTTACTCACAcgctcacaaacacatgcccaacctaattcagggactcacatacaGCTTAGGAAAGGCAGCTTCATC
113,MK HiFi-ABE Site 6 OT 6OT6 b,TGTGAGTAAGTGTGTGTGTG,GCCACAGGCACTAACTTCTTCAgcctatctcctatctgctcttccctcccaccccctccaCACACACACACTTACTCACAcgctcacaaacacatgcccaacctaattcagggactcacatacaGCTTAGGAAAGGCAGCTTCATC
114,MK HiFi-ABE Site 6 OT 6OT6 c,TGTGAGTAAGTGTGTGTGTG,GCCACAGGCACTAACTTCTTCAgcctatctcctatctgctcttccctcccaccccctccaCACACACACACTTACTCACAcgctcacaaacacatgcccaacctaattcagggactcacatacaGCTTAGGAAAGGCAGCTTCATC
115,MK N157K HiFi-ABE Site 6 OT 6OT6 a,TGTGAGTAAGTGTGTGTGTG,GCCACAGGCACTAACTTCTTCAgcctatctcctatctgctcttccctcccaccccctccaCACACACACACTTACTCACAcgctcacaaacacatgcccaacctaattcagggactcacatacaGCTTAGGAAAGGCAGCTTCATC
116,MK N157K HiFi-ABE Site 6 OT 6OT6 b,TGTGAGTAAGTGTGTGTGTG,GCCACAGGCACTAACTTCTTCAgcctatctcctatctgctcttccctcccaccccctccaCACACACACACTTACTCACAcgctcacaaacacatgcccaacctaattcagggactcacatacaGCTTAGGAAAGGCAGCTTCATC
117,MK N157K HiFi-ABE Site 6 OT 6OT6 c,TGTGAGTAAGTGTGTGTGTG,GCCACAGGCACTAACTTCTTCAgcctatctcctatctgctcttccctcccaccccctccaCACACACACACTTACTCACAcgctcacaaacacatgcccaacctaattcagggactcacatacaGCTTAGGAAAGGCAGCTTCATC
118,MK N157K 10 aa HiFi-ABE Site 6 OT 6OT6 a,TGTGAGTAAGTGTGTGTGTG,GCCACAGGCACTAACTTCTTCAgcctatctcctatctgctcttccctcccaccccctccaCACACACACACTTACTCACAcgctcacaaacacatgcccaacctaattcagggactcacatacaGCTTAGGAAAGGCAGCTTCATC
119,MK N157K 10 aa HiFi-ABE Site 6 OT 6OT6 b,TGTGAGTAAGTGTGTGTGTG,GCCACAGGCACTAACTTCTTCAgcctatctcctatctgctcttccctcccaccccctccaCACACACACACTTACTCACAcgctcacaaacacatgcccaacctaattcagggactcacatacaGCTTAGGAAAGGCAGCTTCATC
120,MK N157K 10 aa HiFi-ABE Site 6 OT 6OT6 c,TGTGAGTAAGTGTGTGTGTG,GCCACAGGCACTAACTTCTTCAgcctatctcctatctgctcttccctcccaccccctccaCACACACACACTTACTCACAcgctcacaaacacatgcccaacctaattcagggactcacatacaGCTTAGGAAAGGCAGCTTCATC
121,MK N157K 5 aa HiFi-ABE Site 6 OT 6OT6 a,TGTGAGTAAGTGTGTGTGTG,GCCACAGGCACTAACTTCTTCAgcctatctcctatctgctcttccctcccaccccctccaCACACACACACTTACTCACAcgctcacaaacacatgcccaacctaattcagggactcacatacaGCTTAGGAAAGGCAGCTTCATC
122,MK N157K 5 aa HiFi-ABE Site 6 OT 6OT6 b,TGTGAGTAAGTGTGTGTGTG,GCCACAGGCACTAACTTCTTCAgcctatctcctatctgctcttccctcccaccccctccaCACACACACACTTACTCACAcgctcacaaacacatgcccaacctaattcagggactcacatacaGCTTAGGAAAGGCAGCTTCATC
123,MK N157K 5 aa HiFi-ABE Site 6 OT 6OT6 c,TGTGAGTAAGTGTGTGTGTG,GCCACAGGCACTAACTTCTTCAgcctatctcctatctgctcttccctcccaccccctccaCACACACACACTTACTCACAcgctcacaaacacatgcccaacctaattcagggactcacatacaGCTTAGGAAAGGCAGCTTCATC
124,MK inlaid HiFi-ABE Site 6 OT 6OT6 a,TGTGAGTAAGTGTGTGTGTG,GCCACAGGCACTAACTTCTTCAgcctatctcctatctgctcttccctcccaccccctccaCACACACACACTTACTCACAcgctcacaaacacatgcccaacctaattcagggactcacatacaGCTTAGGAAAGGCAGCTTCATC
125,MK inlaid HiFi-ABE Site 6 OT 6OT6 b,TGTGAGTAAGTGTGTGTGTG,GCCACAGGCACTAACTTCTTCAgcctatctcctatctgctcttccctcccaccccctccaCACACACACACTTACTCACAcgctcacaaacacatgcccaacctaattcagggactcacatacaGCTTAGGAAAGGCAGCTTCATC
126,MK inlaid HiFi-ABE Site 6 OT 6OT6 c,TGTGAGTAAGTGTGTGTGTG,GCCACAGGCACTAACTTCTTCAgcctatctcctatctgctcttccctcccaccccctccaCACACACACACTTACTCACAcgctcacaaacacatgcccaacctaattcagggactcacatacaGCTTAGGAAAGGCAGCTTCATC
127,MK Con Site 6 OT 6OT12 a,GGTGAGTGTGTGTGTGCATG,GCGCTTTCCCTTTGCTAGAATCtaattttatgaaacacactcatgtgtgtgcccaCATGCACACACACACTCACCaagagacacacatataccaaagcaaccactgaaccctctcaagaagaaaaattgaaggctggaattttctctatataatgaagtttttttaaatgttGCCAGTAATATAAGCATTGCTGAG
128,MK Con Site 6 OT 6OT12 b,GGTGAGTGTGTGTGTGCATG,GCGCTTTCCCTTTGCTAGAATCtaattttatgaaacacactcatgtgtgtgcccaCATGCACACACACACTCACCaagagacacacatataccaaagcaaccactgaaccctctcaagaagaaaaattgaaggctggaattttctctatataatgaagtttttttaaatgttGCCAGTAATATAAGCATTGCTGAG
129,MK Con Site 6 OT 6OT12 c,GGTGAGTGTGTGTGTGCATG,GCGCTTTCCCTTTGCTAGAATCtaattttatgaaacacactcatgtgtgtgcccaCATGCACACACACACTCACCaagagacacacatataccaaagcaaccactgaaccctctcaagaagaaaaattgaaggctggaattttctctatataatgaagtttttttaaatgttGCCAGTAATATAAGCATTGCTGAG
130,MK ABE8e Site 6 OT 6OT12 a,GGTGAGTGTGTGTGTGCATG,GCGCTTTCCCTTTGCTAGAATCtaattttatgaaacacactcatgtgtgtgcccaCATGCACACACACACTCACCaagagacacacatataccaaagcaaccactgaaccctctcaagaagaaaaattgaaggctggaattttctctatataatgaagtttttttaaatgttGCCAGTAATATAAGCATTGCTGAG
131,MK ABE8e Site 6 OT 6OT12 b,GGTGAGTGTGTGTGTGCATG,GCGCTTTCCCTTTGCTAGAATCtaattttatgaaacacactcatgtgtgtgcccaCATGCACACACACACTCACCaagagacacacatataccaaagcaaccactgaaccctctcaagaagaaaaattgaaggctggaattttctctatataatgaagtttttttaaatgttGCCAGTAATATAAGCATTGCTGAG
132,MK ABE8e Site 6 OT 6OT12 c,GGTGAGTGTGTGTGTGCATG,GCGCTTTCCCTTTGCTAGAATCtaattttatgaaacacactcatgtgtgtgcccaCATGCACACACACACTCACCaagagacacacatataccaaagcaaccactgaaccctctcaagaagaaaaattgaaggctggaattttctctatataatgaagtttttttaaatgttGCCAGTAATATAAGCATTGCTGAG
133,MK HiFi-ABE Site 6 OT 6OT12 a,GGTGAGTGTGTGTGTGCATG,GCGCTTTCCCTTTGCTAGAATCtaattttatgaaacacactcatgtgtgtgcccaCATGCACACACACACTCACCaagagacacacatataccaaagcaaccactgaaccctctcaagaagaaaaattgaaggctggaattttctctatataatgaagtttttttaaatgttGCCAGTAATATAAGCATTGCTGAG
134,MK HiFi-ABE Site 6 OT 6OT12 b,GGTGAGTGTGTGTGTGCATG,GCGCTTTCCCTTTGCTAGAATCtaattttatgaaacacactcatgtgtgtgcccaCATGCACACACACACTCACCaagagacacacatataccaaagcaaccactgaaccctctcaagaagaaaaattgaaggctggaattttctctatataatgaagtttttttaaatgttGCCAGTAATATAAGCATTGCTGAG
135,MK HiFi-ABE Site 6 OT 6OT12 c,GGTGAGTGTGTGTGTGCATG,GCGCTTTCCCTTTGCTAGAATCtaattttatgaaacacactcatgtgtgtgcccaCATGCACACACACACTCACCaagagacacacatataccaaagcaaccactgaaccctctcaagaagaaaaattgaaggctggaattttctctatataatgaagtttttttaaatgttGCCAGTAATATAAGCATTGCTGAG
136,MK N157K HiFi-ABE Site 6 OT 6OT12 a,GGTGAGTGTGTGTGTGCATG,GCGCTTTCCCTTTGCTAGAATCtaattttatgaaacacactcatgtgtgtgcccaCATGCACACACACACTCACCaagagacacacatataccaaagcaaccactgaaccctctcaagaagaaaaattgaaggctggaattttctctatataatgaagtttttttaaatgttGCCAGTAATATAAGCATTGCTGAG
137,MK N157K HiFi-ABE Site 6 OT 6OT12 b,GGTGAGTGTGTGTGTGCATG,GCGCTTTCCCTTTGCTAGAATCtaattttatgaaacacactcatgtgtgtgcccaCATGCACACACACACTCACCaagagacacacatataccaaagcaaccactgaaccctctcaagaagaaaaattgaaggctggaattttctctatataatgaagtttttttaaatgttGCCAGTAATATAAGCATTGCTGAG
138,MK N157K HiFi-ABE Site 6 OT 6OT12 c,GGTGAGTGTGTGTGTGCATG,GCGCTTTCCCTTTGCTAGAATCtaattttatgaaacacactcatgtgtgtgcccaCATGCACACACACACTCACCaagagacacacatataccaaagcaaccactgaaccctctcaagaagaaaaattgaaggctggaattttctctatataatgaagtttttttaaatgttGCCAGTAATATAAGCATTGCTGAG
139,MK N157K 10 aa HiFi-ABE Site 6 OT 6OT12 a,GGTGAGTGTGTGTGTGCATG,GCGCTTTCCCTTTGCTAGAATCtaattttatgaaacacactcatgtgtgtgcccaCATGCACACACACACTCACCaagagacacacatataccaaagcaaccactgaaccctctcaagaagaaaaattgaaggctggaattttctctatataatgaagtttttttaaatgttGCCAGTAATATAAGCATTGCTGAG
140,MK N157K 10 aa HiFi-ABE Site 6 OT 6OT12 b,GGTGAGTGTGTGTGTGCATG,GCGCTTTCCCTTTGCTAGAATCtaattttatgaaacacactcatgtgtgtgcccaCATGCACACACACACTCACCaagagacacacatataccaaagcaaccactgaaccctctcaagaagaaaaattgaaggctggaattttctctatataatgaagtttttttaaatgttGCCAGTAATATAAGCATTGCTGAG
141,MK N157K 10 aa HiFi-ABE Site 6 OT 6OT12 c,GGTGAGTGTGTGTGTGCATG,GCGCTTTCCCTTTGCTAGAATCtaattttatgaaacacactcatgtgtgtgcccaCATGCACACACACACTCACCaagagacacacatataccaaagcaaccactgaaccctctcaagaagaaaaattgaaggctggaattttctctatataatgaagtttttttaaatgttGCCAGTAATATAAGCATTGCTGAG
142,MK N157K 5 aa HiFi-ABE Site 6 OT 6OT12 a,GGTGAGTGTGTGTGTGCATG,GCGCTTTCCCTTTGCTAGAATCtaattttatgaaacacactcatgtgtgtgcccaCATGCACACACACACTCACCaagagacacacatataccaaagcaaccactgaaccctctcaagaagaaaaattgaaggctggaattttctctatataatgaagtttttttaaatgttGCCAGTAATATAAGCATTGCTGAG
143,MK N157K 5 aa HiFi-ABE Site 6 OT 6OT12 b,GGTGAGTGTGTGTGTGCATG,GCGCTTTCCCTTTGCTAGAATCtaattttatgaaacacactcatgtgtgtgcccaCATGCACACACACACTCACCaagagacacacatataccaaagcaaccactgaaccctctcaagaagaaaaattgaaggctggaattttctctatataatgaagtttttttaaatgttGCCAGTAATATAAGCATTGCTGAG
144,MK N157K 5 aa HiFi-ABE Site 6 OT 6OT12 c,GGTGAGTGTGTGTGTGCATG,GCGCTTTCCCTTTGCTAGAATCtaattttatgaaacacactcatgtgtgtgcccaCATGCACACACACACTCACCaagagacacacatataccaaagcaaccactgaaccctctcaagaagaaaaattgaaggctggaattttctctatataatgaagtttttttaaatgttGCCAGTAATATAAGCATTGCTGAG
145,MK inlaid HiFi-ABE Site 6 OT 6OT12 a,GGTGAGTGTGTGTGTGCATG,GCGCTTTCCCTTTGCTAGAATCtaattttatgaaacacactcatgtgtgtgcccaCATGCACACACACACTCACCaagagacacacatataccaaagcaaccactgaaccctctcaagaagaaaaattgaaggctggaattttctctatataatgaagtttttttaaatgttGCCAGTAATATAAGCATTGCTGAG
146,MK inlaid HiFi-ABE Site 6 OT 6OT12 b,GGTGAGTGTGTGTGTGCATG,GCGCTTTCCCTTTGCTAGAATCtaattttatgaaacacactcatgtgtgtgcccaCATGCACACACACACTCACCaagagacacacatataccaaagcaaccactgaaccctctcaagaagaaaaattgaaggctggaattttctctatataatgaagtttttttaaatgttGCCAGTAATATAAGCATTGCTGAG
147,MK inlaid HiFi-ABE Site 6 OT 6OT12 c,GGTGAGTGTGTGTGTGCATG,GCGCTTTCCCTTTGCTAGAATCtaattttatgaaacacactcatgtgtgtgcccaCATGCACACACACACTCACCaagagacacacatataccaaagcaaccactgaaccctctcaagaagaaaaattgaaggctggaattttctctatataatgaagtttttttaaatgttGCCAGTAATATAAGCATTGCTGAG
148,MK Con Site EMX1 OT EMX1OT1 a,GAGTTAGAGCAGAAGAAGAA,GGGCTGCTACCTGTACATCTGcacaagattgcctttactccatgcctTTCTTCTTCTGCTCTAACTCTGacaatctgtcttgccatgccataagcccctattctttctgtaaccccaagatggtataaaagcatcaaTGATTGGGCATTTCTTTGAGTTT
149,MK Con Site EMX1 OT EMX1OT1 b,GAGTTAGAGCAGAAGAAGAA,GGGCTGCTACCTGTACATCTGcacaagattgcctttactccatgcctTTCTTCTTCTGCTCTAACTCTGacaatctgtcttgccatgccataagcccctattctttctgtaaccccaagatggtataaaagcatcaaTGATTGGGCATTTCTTTGAGTTT
150,MK Con Site EMX1 OT EMX1OT1 c,GAGTTAGAGCAGAAGAAGAA,GGGCTGCTACCTGTACATCTGcacaagattgcctttactccatgcctTTCTTCTTCTGCTCTAACTCTGacaatctgtcttgccatgccataagcccctattctttctgtaaccccaagatggtataaaagcatcaaTGATTGGGCATTTCTTTGAGTTT
151,MK ABE8e Site EMX1 OT EMX1OT1 a,GAGTTAGAGCAGAAGAAGAA,GGGCTGCTACCTGTACATCTGcacaagattgcctttactccatgcctTTCTTCTTCTGCTCTAACTCTGacaatctgtcttgccatgccataagcccctattctttctgtaaccccaagatggtataaaagcatcaaTGATTGGGCATTTCTTTGAGTTT
152,MK ABE8e Site EMX1 OT EMX1OT1 b,GAGTTAGAGCAGAAGAAGAA,GGGCTGCTACCTGTACATCTGcacaagattgcctttactccatgcctTTCTTCTTCTGCTCTAACTCTGacaatctgtcttgccatgccataagcccctattctttctgtaaccccaagatggtataaaagcatcaaTGATTGGGCATTTCTTTGAGTTT
153,MK ABE8e Site EMX1 OT EMX1OT1 c,GAGTTAGAGCAGAAGAAGAA,GGGCTGCTACCTGTACATCTGcacaagattgcctttactccatgcctTTCTTCTTCTGCTCTAACTCTGacaatctgtcttgccatgccataagcccctattctttctgtaaccccaagatggtataaaagcatcaaTGATTGGGCATTTCTTTGAGTTT
154,MK HiFi-ABE Site EMX1 OT EMX1OT1 a,GAGTTAGAGCAGAAGAAGAA,GGGCTGCTACCTGTACATCTGcacaagattgcctttactccatgcctTTCTTCTTCTGCTCTAACTCTGacaatctgtcttgccatgccataagcccctattctttctgtaaccccaagatggtataaaagcatcaaTGATTGGGCATTTCTTTGAGTTT
155,MK HiFi-ABE Site EMX1 OT EMX1OT1 b,GAGTTAGAGCAGAAGAAGAA,GGGCTGCTACCTGTACATCTGcacaagattgcctttactccatgcctTTCTTCTTCTGCTCTAACTCTGacaatctgtcttgccatgccataagcccctattctttctgtaaccccaagatggtataaaagcatcaaTGATTGGGCATTTCTTTGAGTTT
156,MK HiFi-ABE Site EMX1 OT EMX1OT1 c,GAGTTAGAGCAGAAGAAGAA,GGGCTGCTACCTGTACATCTGcacaagattgcctttactccatgcctTTCTTCTTCTGCTCTAACTCTGacaatctgtcttgccatgccataagcccctattctttctgtaaccccaagatggtataaaagcatcaaTGATTGGGCATTTCTTTGAGTTT
157,MK N157K HiFi-ABE Site EMX1 OT EMX1OT1 a,GAGTTAGAGCAGAAGAAGAA,GGGCTGCTACCTGTACATCTGcacaagattgcctttactccatgcctTTCTTCTTCTGCTCTAACTCTGacaatctgtcttgccatgccataagcccctattctttctgtaaccccaagatggtataaaagcatcaaTGATTGGGCATTTCTTTGAGTTT
158,MK N157K HiFi-ABE Site EMX1 OT EMX1OT1 b,GAGTTAGAGCAGAAGAAGAA,GGGCTGCTACCTGTACATCTGcacaagattgcctttactccatgcctTTCTTCTTCTGCTCTAACTCTGacaatctgtcttgccatgccataagcccctattctttctgtaaccccaagatggtataaaagcatcaaTGATTGGGCATTTCTTTGAGTTT
159,MK N157K HiFi-ABE Site EMX1 OT EMX1OT1 c,GAGTTAGAGCAGAAGAAGAA,GGGCTGCTACCTGTACATCTGcacaagattgcctttactccatgcctTTCTTCTTCTGCTCTAACTCTGacaatctgtcttgccatgccataagcccctattctttctgtaaccccaagatggtataaaagcatcaaTGATTGGGCATTTCTTTGAGTTT
160,MK N157K 10 aa HiFi-ABE Site EMX1 OT EMX1OT1 a,GAGTTAGAGCAGAAGAAGAA,GGGCTGCTACCTGTACATCTGcacaagattgcctttactccatgcctTTCTTCTTCTGCTCTAACTCTGacaatctgtcttgccatgccataagcccctattctttctgtaaccccaagatggtataaaagcatcaaTGATTGGGCATTTCTTTGAGTTT
161,MK N157K 10 aa HiFi-ABE Site EMX1 OT EMX1OT1 b,GAGTTAGAGCAGAAGAAGAA,GGGCTGCTACCTGTACATCTGcacaagattgcctttactccatgcctTTCTTCTTCTGCTCTAACTCTGacaatctgtcttgccatgccataagcccctattctttctgtaaccccaagatggtataaaagcatcaaTGATTGGGCATTTCTTTGAGTTT
162,MK N157K 10 aa HiFi-ABE Site EMX1 OT EMX1OT1 c,GAGTTAGAGCAGAAGAAGAA,GGGCTGCTACCTGTACATCTGcacaagattgcctttactccatgcctTTCTTCTTCTGCTCTAACTCTGacaatctgtcttgccatgccataagcccctattctttctgtaaccccaagatggtataaaagcatcaaTGATTGGGCATTTCTTTGAGTTT
163,MK N157K 5 aa HiFi-ABE Site EMX1 OT EMX1OT1 a,GAGTTAGAGCAGAAGAAGAA,GGGCTGCTACCTGTACATCTGcacaagattgcctttactccatgcctTTCTTCTTCTGCTCTAACTCTGacaatctgtcttgccatgccataagcccctattctttctgtaaccccaagatggtataaaagcatcaaTGATTGGGCATTTCTTTGAGTTT
164,MK N157K 5 aa HiFi-ABE Site EMX1 OT EMX1OT1 b,GAGTTAGAGCAGAAGAAGAA,GGGCTGCTACCTGTACATCTGcacaagattgcctttactccatgcctTTCTTCTTCTGCTCTAACTCTGacaatctgtcttgccatgccataagcccctattctttctgtaaccccaagatggtataaaagcatcaaTGATTGGGCATTTCTTTGAGTTT
165,MK N157K 5 aa HiFi-ABE Site EMX1 OT EMX1OT1 c,GAGTTAGAGCAGAAGAAGAA,GGGCTGCTACCTGTACATCTGcacaagattgcctttactccatgcctTTCTTCTTCTGCTCTAACTCTGacaatctgtcttgccatgccataagcccctattctttctgtaaccccaagatggtataaaagcatcaaTGATTGGGCATTTCTTTGAGTTT
166,MK inlaid HiFi-ABE Site EMX1 OT EMX1OT1 a,GAGTTAGAGCAGAAGAAGAA,GGGCTGCTACCTGTACATCTGcacaagattgcctttactccatgcctTTCTTCTTCTGCTCTAACTCTGacaatctgtcttgccatgccataagcccctattctttctgtaaccccaagatggtataaaagcatcaaTGATTGGGCATTTCTTTGAGTTT
167,MK inlaid HiFi-ABE Site EMX1 OT EMX1OT1 b,GAGTTAGAGCAGAAGAAGAA,GGGCTGCTACCTGTACATCTGcacaagattgcctttactccatgcctTTCTTCTTCTGCTCTAACTCTGacaatctgtcttgccatgccataagcccctattctttctgtaaccccaagatggtataaaagcatcaaTGATTGGGCATTTCTTTGAGTTT
168,MK inlaid HiFi-ABE Site EMX1 OT EMX1OT1 c,GAGTTAGAGCAGAAGAAGAA,GGGCTGCTACCTGTACATCTGcacaagattgcctttactccatgcctTTCTTCTTCTGCTCTAACTCTGacaatctgtcttgccatgccataagcccctattctttctgtaaccccaagatggtataaaagcatcaaTGATTGGGCATTTCTTTGAGTTT
169,MK Con Site EMX1 OT EMX1OT2 a,GAGTCTAAGCAGAAGAAGAA,ATGTGCTTCAACCCATCACGGCctttgcaaatagagccctttattcatagtagacaaGAGTCTAAGCAGAAGAAGAAgagagccactacccaaccatctactcttctaatggtgttttcctacaaaggCCAAGTCATGAGACTGCATCCT
170,MK Con Site EMX1 OT EMX1OT2 b,GAGTCTAAGCAGAAGAAGAA,ATGTGCTTCAACCCATCACGGCctttgcaaatagagccctttattcatagtagacaaGAGTCTAAGCAGAAGAAGAAgagagccactacccaaccatctactcttctaatggtgttttcctacaaaggCCAAGTCATGAGACTGCATCCT
171,MK Con Site EMX1 OT EMX1OT2 c,GAGTCTAAGCAGAAGAAGAA,ATGTGCTTCAACCCATCACGGCctttgcaaatagagccctttattcatagtagacaaGAGTCTAAGCAGAAGAAGAAgagagccactacccaaccatctactcttctaatggtgttttcctacaaaggCCAAGTCATGAGACTGCATCCT
172,MK ABE8e Site EMX1 OT EMX1OT2 a,GAGTCTAAGCAGAAGAAGAA,ATGTGCTTCAACCCATCACGGCctttgcaaatagagccctttattcatagtagacaaGAGTCTAAGCAGAAGAAGAAgagagccactacccaaccatctactcttctaatggtgttttcctacaaaggCCAAGTCATGAGACTGCATCCT
173,MK ABE8e Site EMX1 OT EMX1OT2 b,GAGTCTAAGCAGAAGAAGAA,ATGTGCTTCAACCCATCACGGCctttgcaaatagagccctttattcatagtagacaaGAGTCTAAGCAGAAGAAGAAgagagccactacccaaccatctactcttctaatggtgttttcctacaaaggCCAAGTCATGAGACTGCATCCT
174,MK ABE8e Site EMX1 OT EMX1OT2 c,GAGTCTAAGCAGAAGAAGAA,ATGTGCTTCAACCCATCACGGCctttgcaaatagagccctttattcatagtagacaaGAGTCTAAGCAGAAGAAGAAgagagccactacccaaccatctactcttctaatggtgttttcctacaaaggCCAAGTCATGAGACTGCATCCT
175,MK HiFi-ABE Site EMX1 OT EMX1OT2 a,GAGTCTAAGCAGAAGAAGAA,ATGTGCTTCAACCCATCACGGCctttgcaaatagagccctttattcatagtagacaaGAGTCTAAGCAGAAGAAGAAgagagccactacccaaccatctactcttctaatggtgttttcctacaaaggCCAAGTCATGAGACTGCATCCT
176,MK HiFi-ABE Site EMX1 OT EMX1OT2 b,GAGTCTAAGCAGAAGAAGAA,ATGTGCTTCAACCCATCACGGCctttgcaaatagagccctttattcatagtagacaaGAGTCTAAGCAGAAGAAGAAgagagccactacccaaccatctactcttctaatggtgttttcctacaaaggCCAAGTCATGAGACTGCATCCT
177,MK HiFi-ABE Site EMX1 OT EMX1OT2 c,GAGTCTAAGCAGAAGAAGAA,ATGTGCTTCAACCCATCACGGCctttgcaaatagagccctttattcatagtagacaaGAGTCTAAGCAGAAGAAGAAgagagccactacccaaccatctactcttctaatggtgttttcctacaaaggCCAAGTCATGAGACTGCATCCT
178,MK N157K HiFi-ABE Site EMX1 OT EMX1OT2 a,GAGTCTAAGCAGAAGAAGAA,ATGTGCTTCAACCCATCACGGCctttgcaaatagagccctttattcatagtagacaaGAGTCTAAGCAGAAGAAGAAgagagccactacccaaccatctactcttctaatggtgttttcctacaaaggCCAAGTCATGAGACTGCATCCT
179,MK N157K HiFi-ABE Site EMX1 OT EMX1OT2 b,GAGTCTAAGCAGAAGAAGAA,ATGTGCTTCAACCCATCACGGCctttgcaaatagagccctttattcatagtagacaaGAGTCTAAGCAGAAGAAGAAgagagccactacccaaccatctactcttctaatggtgttttcctacaaaggCCAAGTCATGAGACTGCATCCT
180,MK N157K HiFi-ABE Site EMX1 OT EMX1OT2 c,GAGTCTAAGCAGAAGAAGAA,ATGTGCTTCAACCCATCACGGCctttgcaaatagagccctttattcatagtagacaaGAGTCTAAGCAGAAGAAGAAgagagccactacccaaccatctactcttctaatggtgttttcctacaaaggCCAAGTCATGAGACTGCATCCT
181,MK N157K 10 aa HiFi-ABE Site EMX1 OT EMX1OT2 a,GAGTCTAAGCAGAAGAAGAA,ATGTGCTTCAACCCATCACGGCctttgcaaatagagccctttattcatagtagacaaGAGTCTAAGCAGAAGAAGAAgagagccactacccaaccatctactcttctaatggtgttttcctacaaaggCCAAGTCATGAGACTGCATCCT
182,MK N157K 10 aa HiFi-ABE Site EMX1 OT EMX1OT2 b,GAGTCTAAGCAGAAGAAGAA,ATGTGCTTCAACCCATCACGGCctttgcaaatagagccctttattcatagtagacaaGAGTCTAAGCAGAAGAAGAAgagagccactacccaaccatctactcttctaatggtgttttcctacaaaggCCAAGTCATGAGACTGCATCCT
183,MK N157K 10 aa HiFi-ABE Site EMX1 OT EMX1OT2 c,GAGTCTAAGCAGAAGAAGAA,ATGTGCTTCAACCCATCACGGCctttgcaaatagagccctttattcatagtagacaaGAGTCTAAGCAGAAGAAGAAgagagccactacccaaccatctactcttctaatggtgttttcctacaaaggCCAAGTCATGAGACTGCATCCT
184,MK N157K 5 aa HiFi-ABE Site EMX1 OT EMX1OT2 a,GAGTCTAAGCAGAAGAAGAA,ATGTGCTTCAACCCATCACGGCctttgcaaatagagccctttattcatagtagacaaGAGTCTAAGCAGAAGAAGAAgagagccactacccaaccatctactcttctaatggtgttttcctacaaaggCCAAGTCATGAGACTGCATCCT
185,MK N157K 5 aa HiFi-ABE Site EMX1 OT EMX1OT2 b,GAGTCTAAGCAGAAGAAGAA,ATGTGCTTCAACCCATCACGGCctttgcaaatagagccctttattcatagtagacaaGAGTCTAAGCAGAAGAAGAAgagagccactacccaaccatctactcttctaatggtgttttcctacaaaggCCAAGTCATGAGACTGCATCCT
186,MK N157K 5 aa HiFi-ABE Site EMX1 OT EMX1OT2 c,GAGTCTAAGCAGAAGAAGAA,ATGTGCTTCAACCCATCACGGCctttgcaaatagagccctttattcatagtagacaaGAGTCTAAGCAGAAGAAGAAgagagccactacccaaccatctactcttctaatggtgttttcctacaaaggCCAAGTCATGAGACTGCATCCT
187,MK inlaid HiFi-ABE Site EMX1 OT EMX1OT2 a,GAGTCTAAGCAGAAGAAGAA,ATGTGCTTCAACCCATCACGGCctttgcaaatagagccctttattcatagtagacaaGAGTCTAAGCAGAAGAAGAAgagagccactacccaaccatctactcttctaatggtgttttcctacaaaggCCAAGTCATGAGACTGCATCCT
188,MK inlaid HiFi-ABE Site EMX1 OT EMX1OT2 b,GAGTCTAAGCAGAAGAAGAA,ATGTGCTTCAACCCATCACGGCctttgcaaatagagccctttattcatagtagacaaGAGTCTAAGCAGAAGAAGAAgagagccactacccaaccatctactcttctaatggtgttttcctacaaaggCCAAGTCATGAGACTGCATCCT
189,MK inlaid HiFi-ABE Site EMX1 OT EMX1OT2 c,GAGTCTAAGCAGAAGAAGAA,ATGTGCTTCAACCCATCACGGCctttgcaaatagagccctttattcatagtagacaaGAGTCTAAGCAGAAGAAGAAgagagccactacccaaccatctactcttctaatggtgttttcctacaaaggCCAAGTCATGAGACTGCATCCT
190,MK Con Site EMX1 OT EMX1OT3 a,GAGGCCGAGCAGAAGAAAGA,AGGAGGTGCAGGAGCTAGACtccgaggggaggctgcgagccgcaagcgcaggagccgggtgggagagagaccccttcttctgcaaatgagGAGGCCGAGCAGAAGAAAGAcggcgacagatgttggggggaggggacggtttgtgagggatagggagagaaagtctaagtgagagcaggacgaggaggggagggTGGTTGGGGAAGGGGATGAA
191,MK Con Site EMX1 OT EMX1OT3 b,GAGGCCGAGCAGAAGAAAGA,AGGAGGTGCAGGAGCTAGACtccgaggggaggctgcgagccgcaagcgcaggagccgggtgggagagagaccccttcttctgcaaatgagGAGGCCGAGCAGAAGAAAGAcggcgacagatgttggggggaggggacggtttgtgagggatagggagagaaagtctaagtgagagcaggacgaggaggggagggTGGTTGGGGAAGGGGATGAA
192,MK Con Site EMX1 OT EMX1OT3 c,GAGGCCGAGCAGAAGAAAGA,AGGAGGTGCAGGAGCTAGACtccgaggggaggctgcgagccgcaagcgcaggagccgggtgggagagagaccccttcttctgcaaatgagGAGGCCGAGCAGAAGAAAGAcggcgacagatgttggggggaggggacggtttgtgagggatagggagagaaagtctaagtgagagcaggacgaggaggggagggTGGTTGGGGAAGGGGATGAA
193,MK ABE8e Site EMX1 OT EMX1OT3 a,GAGGCCGAGCAGAAGAAAGA,AGGAGGTGCAGGAGCTAGACtccgaggggaggctgcgagccgcaagcgcaggagccgggtgggagagagaccccttcttctgcaaatgagGAGGCCGAGCAGAAGAAAGAcggcgacagatgttggggggaggggacggtttgtgagggatagggagagaaagtctaagtgagagcaggacgaggaggggagggTGGTTGGGGAAGGGGATGAA
194,MK ABE8e Site EMX1 OT EMX1OT3 b,GAGGCCGAGCAGAAGAAAGA,AGGAGGTGCAGGAGCTAGACtccgaggggaggctgcgagccgcaagcgcaggagccgggtgggagagagaccccttcttctgcaaatgagGAGGCCGAGCAGAAGAAAGAcggcgacagatgttggggggaggggacggtttgtgagggatagggagagaaagtctaagtgagagcaggacgaggaggggagggTGGTTGGGGAAGGGGATGAA
195,MK ABE8e Site EMX1 OT EMX1OT3 c,GAGGCCGAGCAGAAGAAAGA,AGGAGGTGCAGGAGCTAGACtccgaggggaggctgcgagccgcaagcgcaggagccgggtgggagagagaccccttcttctgcaaatgagGAGGCCGAGCAGAAGAAAGAcggcgacagatgttggggggaggggacggtttgtgagggatagggagagaaagtctaagtgagagcaggacgaggaggggagggTGGTTGGGGAAGGGGATGAA
196,MK HiFi-ABE Site EMX1 OT EMX1OT3 a,GAGGCCGAGCAGAAGAAAGA,AGGAGGTGCAGGAGCTAGACtccgaggggaggctgcgagccgcaagcgcaggagccgggtgggagagagaccccttcttctgcaaatgagGAGGCCGAGCAGAAGAAAGAcggcgacagatgttggggggaggggacggtttgtgagggatagggagagaaagtctaagtgagagcaggacgaggaggggagggTGGTTGGGGAAGGGGATGAA
197,MK HiFi-ABE Site EMX1 OT EMX1OT3 b,GAGGCCGAGCAGAAGAAAGA,AGGAGGTGCAGGAGCTAGACtccgaggggaggctgcgagccgcaagcgcaggagccgggtgggagagagaccccttcttctgcaaatgagGAGGCCGAGCAGAAGAAAGAcggcgacagatgttggggggaggggacggtttgtgagggatagggagagaaagtctaagtgagagcaggacgaggaggggagggTGGTTGGGGAAGGGGATGAA
198,MK HiFi-ABE Site EMX1 OT EMX1OT3 c,GAGGCCGAGCAGAAGAAAGA,AGGAGGTGCAGGAGCTAGACtccgaggggaggctgcgagccgcaagcgcaggagccgggtgggagagagaccccttcttctgcaaatgagGAGGCCGAGCAGAAGAAAGAcggcgacagatgttggggggaggggacggtttgtgagggatagggagagaaagtctaagtgagagcaggacgaggaggggagggTGGTTGGGGAAGGGGATGAA
199,MK N157K HiFi-ABE Site EMX1 OT EMX1OT3 a,GAGGCCGAGCAGAAGAAAGA,AGGAGGTGCAGGAGCTAGACtccgaggggaggctgcgagccgcaagcgcaggagccgggtgggagagagaccccttcttctgcaaatgagGAGGCCGAGCAGAAGAAAGAcggcgacagatgttggggggaggggacggtttgtgagggatagggagagaaagtctaagtgagagcaggacgaggaggggagggTGGTTGGGGAAGGGGATGAA
200,MK N157K HiFi-ABE Site EMX1 OT EMX1OT3 b,GAGGCCGAGCAGAAGAAAGA,AGGAGGTGCAGGAGCTAGACtccgaggggaggctgcgagccgcaagcgcaggagccgggtgggagagagaccccttcttctgcaaatgagGAGGCCGAGCAGAAGAAAGAcggcgacagatgttggggggaggggacggtttgtgagggatagggagagaaagtctaagtgagagcaggacgaggaggggagggTGGTTGGGGAAGGGGATGAA
201,MK N157K HiFi-ABE Site EMX1 OT EMX1OT3 c,GAGGCCGAGCAGAAGAAAGA,AGGAGGTGCAGGAGCTAGACtccgaggggaggctgcgagccgcaagcgcaggagccgggtgggagagagaccccttcttctgcaaatgagGAGGCCGAGCAGAAGAAAGAcggcgacagatgttggggggaggggacggtttgtgagggatagggagagaaagtctaagtgagagcaggacgaggaggggagggTGGTTGGGGAAGGGGATGAA
202,MK N157K 10 aa HiFi-ABE Site EMX1 OT EMX1OT3 a,GAGGCCGAGCAGAAGAAAGA,AGGAGGTGCAGGAGCTAGACtccgaggggaggctgcgagccgcaagcgcaggagccgggtgggagagagaccccttcttctgcaaatgagGAGGCCGAGCAGAAGAAAGAcggcgacagatgttggggggaggggacggtttgtgagggatagggagagaaagtctaagtgagagcaggacgaggaggggagggTGGTTGGGGAAGGGGATGAA
203,MK N157K 10 aa HiFi-ABE Site EMX1 OT EMX1OT3 b,GAGGCCGAGCAGAAGAAAGA,AGGAGGTGCAGGAGCTAGACtccgaggggaggctgcgagccgcaagcgcaggagccgggtgggagagagaccccttcttctgcaaatgagGAGGCCGAGCAGAAGAAAGAcggcgacagatgttggggggaggggacggtttgtgagggatagggagagaaagtctaagtgagagcaggacgaggaggggagggTGGTTGGGGAAGGGGATGAA
204,MK N157K 10 aa HiFi-ABE Site EMX1 OT EMX1OT3 c,GAGGCCGAGCAGAAGAAAGA,AGGAGGTGCAGGAGCTAGACtccgaggggaggctgcgagccgcaagcgcaggagccgggtgggagagagaccccttcttctgcaaatgagGAGGCCGAGCAGAAGAAAGAcggcgacagatgttggggggaggggacggtttgtgagggatagggagagaaagtctaagtgagagcaggacgaggaggggagggTGGTTGGGGAAGGGGATGAA
205,MK N157K 5 aa HiFi-ABE Site EMX1 OT EMX1OT3 a,GAGGCCGAGCAGAAGAAAGA,AGGAGGTGCAGGAGCTAGACtccgaggggaggctgcgagccgcaagcgcaggagccgggtgggagagagaccccttcttctgcaaatgagGAGGCCGAGCAGAAGAAAGAcggcgacagatgttggggggaggggacggtttgtgagggatagggagagaaagtctaagtgagagcaggacgaggaggggagggTGGTTGGGGAAGGGGATGAA
206,MK N157K 5 aa HiFi-ABE Site EMX1 OT EMX1OT3 b,GAGGCCGAGCAGAAGAAAGA,AGGAGGTGCAGGAGCTAGACtccgaggggaggctgcgagccgcaagcgcaggagccgggtgggagagagaccccttcttctgcaaatgagGAGGCCGAGCAGAAGAAAGAcggcgacagatgttggggggaggggacggtttgtgagggatagggagagaaagtctaagtgagagcaggacgaggaggggagggTGGTTGGGGAAGGGGATGAA
207,MK N157K 5 aa HiFi-ABE Site EMX1 OT EMX1OT3 c,GAGGCCGAGCAGAAGAAAGA,AGGAGGTGCAGGAGCTAGACtccgaggggaggctgcgagccgcaagcgcaggagccgggtgggagagagaccccttcttctgcaaatgagGAGGCCGAGCAGAAGAAAGAcggcgacagatgttggggggaggggacggtttgtgagggatagggagagaaagtctaagtgagagcaggacgaggaggggagggTGGTTGGGGAAGGGGATGAA
208,MK inlaid HiFi-ABE Site EMX1 OT EMX1OT3 a,GAGGCCGAGCAGAAGAAAGA,AGGAGGTGCAGGAGCTAGACtccgaggggaggctgcgagccgcaagcgcaggagccgggtgggagagagaccccttcttctgcaaatgagGAGGCCGAGCAGAAGAAAGAcggcgacagatgttggggggaggggacggtttgtgagggatagggagagaaagtctaagtgagagcaggacgaggaggggagggTGGTTGGGGAAGGGGATGAA
209,MK inlaid HiFi-ABE Site EMX1 OT EMX1OT3 b,GAGGCCGAGCAGAAGAAAGA,AGGAGGTGCAGGAGCTAGACtccgaggggaggctgcgagccgcaagcgcaggagccgggtgggagagagaccccttcttctgcaaatgagGAGGCCGAGCAGAAGAAAGAcggcgacagatgttggggggaggggacggtttgtgagggatagggagagaaagtctaagtgagagcaggacgaggaggggagggTGGTTGGGGAAGGGGATGAA
210,MK inlaid HiFi-ABE Site EMX1 OT EMX1OT3 c,GAGGCCGAGCAGAAGAAAGA,AGGAGGTGCAGGAGCTAGACtccgaggggaggctgcgagccgcaagcgcaggagccgggtgggagagagaccccttcttctgcaaatgagGAGGCCGAGCAGAAGAAAGAcggcgacagatgttggggggaggggacggtttgtgagggatagggagagaaagtctaagtgagagcaggacgaggaggggagggTGGTTGGGGAAGGGGATGAA
211,MK Con Site 7.10 HEK Site 3 OT OT1 a,GGCCCAGACTGAGCACGTGA,TCCCCTGTTGACCTGGAGAAgcatgaaccagtcaaaaagtttaaagacaagagcattaactgcaccagtgggcagctcagctcagacaccagtagcgtgggcacccagactgagcacgtgctggagcccaagaaatgcagagacctgtgcacctcTGGTCAGGGCAAGTACAGTG
212,MK Con Site 7.10 HEK Site 3 OT OT1 b,GGCCCAGACTGAGCACGTGA,TCCCCTGTTGACCTGGAGAAgcatgaaccagtcaaaaagtttaaagacaagagcattaactgcaccagtgggcagctcagctcagacaccagtagcgtgggcacccagactgagcacgtgctggagcccaagaaatgcagagacctgtgcacctcTGGTCAGGGCAAGTACAGTG
213,MK Con Site 7.10 HEK Site 3 OT OT1 c,GGCCCAGACTGAGCACGTGA,TCCCCTGTTGACCTGGAGAAgcatgaaccagtcaaaaagtttaaagacaagagcattaactgcaccagtgggcagctcagctcagacaccagtagcgtgggcacccagactgagcacgtgctggagcccaagaaatgcagagacctgtgcacctcTGGTCAGGGCAAGTACAGTG
214,MK ABE8e Site 7.10 HEK Site 3 OT OT1 a,GGCCCAGACTGAGCACGTGA,TCCCCTGTTGACCTGGAGAAgcatgaaccagtcaaaaagtttaaagacaagagcattaactgcaccagtgggcagctcagctcagacaccagtagcgtgggcacccagactgagcacgtgctggagcccaagaaatgcagagacctgtgcacctcTGGTCAGGGCAAGTACAGTG
215,MK ABE8e Site 7.10 HEK Site 3 OT OT1 b,GGCCCAGACTGAGCACGTGA,TCCCCTGTTGACCTGGAGAAgcatgaaccagtcaaaaagtttaaagacaagagcattaactgcaccagtgggcagctcagctcagacaccagtagcgtgggcacccagactgagcacgtgctggagcccaagaaatgcagagacctgtgcacctcTGGTCAGGGCAAGTACAGTG
216,MK ABE8e Site 7.10 HEK Site 3 OT OT1 c,GGCCCAGACTGAGCACGTGA,TCCCCTGTTGACCTGGAGAAgcatgaaccagtcaaaaagtttaaagacaagagcattaactgcaccagtgggcagctcagctcagacaccagtagcgtgggcacccagactgagcacgtgctggagcccaagaaatgcagagacctgtgcacctcTGGTCAGGGCAAGTACAGTG
217,MK HiFi-ABE Site 7.10 HEK Site 3 OT OT1 a,GGCCCAGACTGAGCACGTGA,TCCCCTGTTGACCTGGAGAAgcatgaaccagtcaaaaagtttaaagacaagagcattaactgcaccagtgggcagctcagctcagacaccagtagcgtgggcacccagactgagcacgtgctggagcccaagaaatgcagagacctgtgcacctcTGGTCAGGGCAAGTACAGTG
218,MK HiFi-ABE Site 7.10 HEK Site 3 OT OT1 b,GGCCCAGACTGAGCACGTGA,TCCCCTGTTGACCTGGAGAAgcatgaaccagtcaaaaagtttaaagacaagagcattaactgcaccagtgggcagctcagctcagacaccagtagcgtgggcacccagactgagcacgtgctggagcccaagaaatgcagagacctgtgcacctcTGGTCAGGGCAAGTACAGTG
219,MK HiFi-ABE Site 7.10 HEK Site 3 OT OT1 c,GGCCCAGACTGAGCACGTGA,TCCCCTGTTGACCTGGAGAAgcatgaaccagtcaaaaagtttaaagacaagagcattaactgcaccagtgggcagctcagctcagacaccagtagcgtgggcacccagactgagcacgtgctggagcccaagaaatgcagagacctgtgcacctcTGGTCAGGGCAAGTACAGTG
220,MK N157K HiFi-ABE Site 7.10 HEK Site 3 OT OT1 a,GGCCCAGACTGAGCACGTGA,TCCCCTGTTGACCTGGAGAAgcatgaaccagtcaaaaagtttaaagacaagagcattaactgcaccagtgggcagctcagctcagacaccagtagcgtgggcacccagactgagcacgtgctggagcccaagaaatgcagagacctgtgcacctcTGGTCAGGGCAAGTACAGTG
221,MK N157K HiFi-ABE Site 7.10 HEK Site 3 OT OT1 b,GGCCCAGACTGAGCACGTGA,TCCCCTGTTGACCTGGAGAAgcatgaaccagtcaaaaagtttaaagacaagagcattaactgcaccagtgggcagctcagctcagacaccagtagcgtgggcacccagactgagcacgtgctggagcccaagaaatgcagagacctgtgcacctcTGGTCAGGGCAAGTACAGTG
222,MK N157K HiFi-ABE Site 7.10 HEK Site 3 OT OT1 c,GGCCCAGACTGAGCACGTGA,TCCCCTGTTGACCTGGAGAAgcatgaaccagtcaaaaagtttaaagacaagagcattaactgcaccagtgggcagctcagctcagacaccagtagcgtgggcacccagactgagcacgtgctggagcccaagaaatgcagagacctgtgcacctcTGGTCAGGGCAAGTACAGTG
223,MK N157K 10 aa HiFi-ABE Site 7.10 HEK Site 3 OT OT1 a,GGCCCAGACTGAGCACGTGA,TCCCCTGTTGACCTGGAGAAgcatgaaccagtcaaaaagtttaaagacaagagcattaactgcaccagtgggcagctcagctcagacaccagtagcgtgggcacccagactgagcacgtgctggagcccaagaaatgcagagacctgtgcacctcTGGTCAGGGCAAGTACAGTG
224,MK N157K 10 aa HiFi-ABE Site 7.10 HEK Site 3 OT OT1 b,GGCCCAGACTGAGCACGTGA,TCCCCTGTTGACCTGGAGAAgcatgaaccagtcaaaaagtttaaagacaagagcattaactgcaccagtgggcagctcagctcagacaccagtagcgtgggcacccagactgagcacgtgctggagcccaagaaatgcagagacctgtgcacctcTGGTCAGGGCAAGTACAGTG
225,MK N157K 10 aa HiFi-ABE Site 7.10 HEK Site 3 OT OT1 c,GGCCCAGACTGAGCACGTGA,TCCCCTGTTGACCTGGAGAAgcatgaaccagtcaaaaagtttaaagacaagagcattaactgcaccagtgggcagctcagctcagacaccagtagcgtgggcacccagactgagcacgtgctggagcccaagaaatgcagagacctgtgcacctcTGGTCAGGGCAAGTACAGTG
226,MK N157K 5 aa HiFi-ABE Site 7.10 HEK Site 3 OT OT1 a,GGCCCAGACTGAGCACGTGA,TCCCCTGTTGACCTGGAGAAgcatgaaccagtcaaaaagtttaaagacaagagcattaactgcaccagtgggcagctcagctcagacaccagtagcgtgggcacccagactgagcacgtgctggagcccaagaaatgcagagacctgtgcacctcTGGTCAGGGCAAGTACAGTG
227,MK N157K 5 aa HiFi-ABE Site 7.10 HEK Site 3 OT OT1 b,GGCCCAGACTGAGCACGTGA,TCCCCTGTTGACCTGGAGAAgcatgaaccagtcaaaaagtttaaagacaagagcattaactgcaccagtgggcagctcagctcagacaccagtagcgtgggcacccagactgagcacgtgctggagcccaagaaatgcagagacctgtgcacctcTGGTCAGGGCAAGTACAGTG
228,MK N157K 5 aa HiFi-ABE Site 7.10 HEK Site 3 OT OT1 c,GGCCCAGACTGAGCACGTGA,TCCCCTGTTGACCTGGAGAAgcatgaaccagtcaaaaagtttaaagacaagagcattaactgcaccagtgggcagctcagctcagacaccagtagcgtgggcacccagactgagcacgtgctggagcccaagaaatgcagagacctgtgcacctcTGGTCAGGGCAAGTACAGTG
229,MK inlaid HiFi-ABE Site 7.10 HEK Site 3 OT OT1 a,GGCCCAGACTGAGCACGTGA,TCCCCTGTTGACCTGGAGAAgcatgaaccagtcaaaaagtttaaagacaagagcattaactgcaccagtgggcagctcagctcagacaccagtagcgtgggcacccagactgagcacgtgctggagcccaagaaatgcagagacctgtgcacctcTGGTCAGGGCAAGTACAGTG
230,MK inlaid HiFi-ABE Site 7.10 HEK Site 3 OT OT1 b,GGCCCAGACTGAGCACGTGA,TCCCCTGTTGACCTGGAGAAgcatgaaccagtcaaaaagtttaaagacaagagcattaactgcaccagtgggcagctcagctcagacaccagtagcgtgggcacccagactgagcacgtgctggagcccaagaaatgcagagacctgtgcacctcTGGTCAGGGCAAGTACAGTG
231,MK inlaid HiFi-ABE Site 7.10 HEK Site 3 OT OT1 c,GGCCCAGACTGAGCACGTGA,TCCCCTGTTGACCTGGAGAAgcatgaaccagtcaaaaagtttaaagacaagagcattaactgcaccagtgggcagctcagctcagacaccagtagcgtgggcacccagactgagcacgtgctggagcccaagaaatgcagagacctgtgcacctcTGGTCAGGGCAAGTACAGTG
232,MK Con Site 7.10 HEK Site 3 OT OT2 a,GACACAGACCGGGCACGTGA,TTGGTGTTGACAGGGAGCAActtcacagtcccaggcatcaggacacagaccgggcacgtgagggaagcccaagggagaggactggtgtaatcgaggctgactccacttttaatgtttgactgatgataggtttcaagtctcactaagtctccttcCCCTTCTGCCCACATCTCAG
233,MK Con Site 7.10 HEK Site 3 OT OT2 b,GACACAGACCGGGCACGTGA,TTGGTGTTGACAGGGAGCAActtcacagtcccaggcatcaggacacagaccgggcacgtgagggaagcccaagggagaggactggtgtaatcgaggctgactccacttttaatgtttgactgatgataggtttcaagtctcactaagtctccttcCCCTTCTGCCCACATCTCAG
234,MK Con Site 7.10 HEK Site 3 OT OT2 c,GACACAGACCGGGCACGTGA,TTGGTGTTGACAGGGAGCAActtcacagtcccaggcatcaggacacagaccgggcacgtgagggaagcccaagggagaggactggtgtaatcgaggctgactccacttttaatgtttgactgatgataggtttcaagtctcactaagtctccttcCCCTTCTGCCCACATCTCAG
235,MK ABE8e Site 7.10 HEK Site 3 OT OT2 a,GACACAGACCGGGCACGTGA,TTGGTGTTGACAGGGAGCAActtcacagtcccaggcatcaggacacagaccgggcacgtgagggaagcccaagggagaggactggtgtaatcgaggctgactccacttttaatgtttgactgatgataggtttcaagtctcactaagtctccttcCCCTTCTGCCCACATCTCAG
236,MK ABE8e Site 7.10 HEK Site 3 OT OT2 b,GACACAGACCGGGCACGTGA,TTGGTGTTGACAGGGAGCAActtcacagtcccaggcatcaggacacagaccgggcacgtgagggaagcccaagggagaggactggtgtaatcgaggctgactccacttttaatgtttgactgatgataggtttcaagtctcactaagtctccttcCCCTTCTGCCCACATCTCAG
237,MK ABE8e Site 7.10 HEK Site 3 OT OT2 c,GACACAGACCGGGCACGTGA,TTGGTGTTGACAGGGAGCAActtcacagtcccaggcatcaggacacagaccgggcacgtgagggaagcccaagggagaggactggtgtaatcgaggctgactccacttttaatgtttgactgatgataggtttcaagtctcactaagtctccttcCCCTTCTGCCCACATCTCAG
238,MK HiFi-ABE Site 7.10 HEK Site 3 OT OT2 a,GACACAGACCGGGCACGTGA,TTGGTGTTGACAGGGAGCAActtcacagtcccaggcatcaggacacagaccgggcacgtgagggaagcccaagggagaggactggtgtaatcgaggctgactccacttttaatgtttgactgatgataggtttcaagtctcactaagtctccttcCCCTTCTGCCCACATCTCAG
239,MK HiFi-ABE Site 7.10 HEK Site 3 OT OT2 b,GACACAGACCGGGCACGTGA,TTGGTGTTGACAGGGAGCAActtcacagtcccaggcatcaggacacagaccgggcacgtgagggaagcccaagggagaggactggtgtaatcgaggctgactccacttttaatgtttgactgatgataggtttcaagtctcactaagtctccttcCCCTTCTGCCCACATCTCAG
240,MK HiFi-ABE Site 7.10 HEK Site 3 OT OT2 c,GACACAGACCGGGCACGTGA,TTGGTGTTGACAGGGAGCAActtcacagtcccaggcatcaggacacagaccgggcacgtgagggaagcccaagggagaggactggtgtaatcgaggctgactccacttttaatgtttgactgatgataggtttcaagtctcactaagtctccttcCCCTTCTGCCCACATCTCAG
241,MK N157K HiFi-ABE Site 7.10 HEK Site 3 OT OT2 a,GACACAGACCGGGCACGTGA,TTGGTGTTGACAGGGAGCAActtcacagtcccaggcatcaggacacagaccgggcacgtgagggaagcccaagggagaggactggtgtaatcgaggctgactccacttttaatgtttgactgatgataggtttcaagtctcactaagtctccttcCCCTTCTGCCCACATCTCAG
242,MK N157K HiFi-ABE Site 7.10 HEK Site 3 OT OT2 b,GACACAGACCGGGCACGTGA,TTGGTGTTGACAGGGAGCAActtcacagtcccaggcatcaggacacagaccgggcacgtgagggaagcccaagggagaggactggtgtaatcgaggctgactccacttttaatgtttgactgatgataggtttcaagtctcactaagtctccttcCCCTTCTGCCCACATCTCAG
243,MK N157K HiFi-ABE Site 7.10 HEK Site 3 OT OT2 c,GACACAGACCGGGCACGTGA,TTGGTGTTGACAGGGAGCAActtcacagtcccaggcatcaggacacagaccgggcacgtgagggaagcccaagggagaggactggtgtaatcgaggctgactccacttttaatgtttgactgatgataggtttcaagtctcactaagtctccttcCCCTTCTGCCCACATCTCAG
244,MK N157K 10 aa HiFi-ABE Site 7.10 HEK Site 3 OT OT2 a,GACACAGACCGGGCACGTGA,TTGGTGTTGACAGGGAGCAActtcacagtcccaggcatcaggacacagaccgggcacgtgagggaagcccaagggagaggactggtgtaatcgaggctgactccacttttaatgtttgactgatgataggtttcaagtctcactaagtctccttcCCCTTCTGCCCACATCTCAG
245,MK N157K 10 aa HiFi-ABE Site 7.10 HEK Site 3 OT OT2 b,GACACAGACCGGGCACGTGA,TTGGTGTTGACAGGGAGCAActtcacagtcccaggcatcaggacacagaccgggcacgtgagggaagcccaagggagaggactggtgtaatcgaggctgactccacttttaatgtttgactgatgataggtttcaagtctcactaagtctccttcCCCTTCTGCCCACATCTCAG
246,MK N157K 10 aa HiFi-ABE Site 7.10 HEK Site 3 OT OT2 c,GACACAGACCGGGCACGTGA,TTGGTGTTGACAGGGAGCAActtcacagtcccaggcatcaggacacagaccgggcacgtgagggaagcccaagggagaggactggtgtaatcgaggctgactccacttttaatgtttgactgatgataggtttcaagtctcactaagtctccttcCCCTTCTGCCCACATCTCAG
247,MK N157K 5 aa HiFi-ABE Site 7.10 HEK Site 3 OT OT2 a,GACACAGACCGGGCACGTGA,TTGGTGTTGACAGGGAGCAActtcacagtcccaggcatcaggacacagaccgggcacgtgagggaagcccaagggagaggactggtgtaatcgaggctgactccacttttaatgtttgactgatgataggtttcaagtctcactaagtctccttcCCCTTCTGCCCACATCTCAG
248,MK N157K 5 aa HiFi-ABE Site 7.10 HEK Site 3 OT OT2 b,GACACAGACCGGGCACGTGA,TTGGTGTTGACAGGGAGCAActtcacagtcccaggcatcaggacacagaccgggcacgtgagggaagcccaagggagaggactggtgtaatcgaggctgactccacttttaatgtttgactgatgataggtttcaagtctcactaagtctccttcCCCTTCTGCCCACATCTCAG
249,MK N157K 5 aa HiFi-ABE Site 7.10 HEK Site 3 OT OT2 c,GACACAGACCGGGCACGTGA,TTGGTGTTGACAGGGAGCAActtcacagtcccaggcatcaggacacagaccgggcacgtgagggaagcccaagggagaggactggtgtaatcgaggctgactccacttttaatgtttgactgatgataggtttcaagtctcactaagtctccttcCCCTTCTGCCCACATCTCAG
250,MK inlaid HiFi-ABE Site 7.10 HEK Site 3 OT OT2 a,GACACAGACCGGGCACGTGA,TTGGTGTTGACAGGGAGCAActtcacagtcccaggcatcaggacacagaccgggcacgtgagggaagcccaagggagaggactggtgtaatcgaggctgactccacttttaatgtttgactgatgataggtttcaagtctcactaagtctccttcCCCTTCTGCCCACATCTCAG
251,MK inlaid HiFi-ABE Site 7.10 HEK Site 3 OT OT2 b,GACACAGACCGGGCACGTGA,TTGGTGTTGACAGGGAGCAActtcacagtcccaggcatcaggacacagaccgggcacgtgagggaagcccaagggagaggactggtgtaatcgaggctgactccacttttaatgtttgactgatgataggtttcaagtctcactaagtctccttcCCCTTCTGCCCACATCTCAG
252,MK inlaid HiFi-ABE Site 7.10 HEK Site 3 OT OT2 c,GACACAGACCGGGCACGTGA,TTGGTGTTGACAGGGAGCAActtcacagtcccaggcatcaggacacagaccgggcacgtgagggaagcccaagggagaggactggtgtaatcgaggctgactccacttttaatgtttgactgatgataggtttcaagtctcactaagtctccttcCCCTTCTGCCCACATCTCAG
253,MK Con Site 7.10 HEK Site 3 OT OT3 a,AGCTCAGACTGAGCAAGTGA,TGAGAGGGAACAGAAGGGCTaagactaaaaggaacagaggagttcatagtgagcggtaaagagctcagactgagcaagtgaggggctcagcctcccatggaggacagggggctggggcccctggctgatgtctggactgaagcccccacgcccagAGGTTCTTGGGCCTTTGGAC
254,MK Con Site 7.10 HEK Site 3 OT OT3 b,AGCTCAGACTGAGCAAGTGA,TGAGAGGGAACAGAAGGGCTaagactaaaaggaacagaggagttcatagtgagcggtaaagagctcagactgagcaagtgaggggctcagcctcccatggaggacagggggctggggcccctggctgatgtctggactgaagcccccacgcccagAGGTTCTTGGGCCTTTGGAC
255,MK Con Site 7.10 HEK Site 3 OT OT3 c,AGCTCAGACTGAGCAAGTGA,TGAGAGGGAACAGAAGGGCTaagactaaaaggaacagaggagttcatagtgagcggtaaagagctcagactgagcaagtgaggggctcagcctcccatggaggacagggggctggggcccctggctgatgtctggactgaagcccccacgcccagAGGTTCTTGGGCCTTTGGAC
256,MK ABE8e Site 7.10 HEK Site 3 OT OT3 a,AGCTCAGACTGAGCAAGTGA,TGAGAGGGAACAGAAGGGCTaagactaaaaggaacagaggagttcatagtgagcggtaaagagctcagactgagcaagtgaggggctcagcctcccatggaggacagggggctggggcccctggctgatgtctggactgaagcccccacgcccagAGGTTCTTGGGCCTTTGGAC
257,MK ABE8e Site 7.10 HEK Site 3 OT OT3 b,AGCTCAGACTGAGCAAGTGA,TGAGAGGGAACAGAAGGGCTaagactaaaaggaacagaggagttcatagtgagcggtaaagagctcagactgagcaagtgaggggctcagcctcccatggaggacagggggctggggcccctggctgatgtctggactgaagcccccacgcccagAGGTTCTTGGGCCTTTGGAC
258,MK ABE8e Site 7.10 HEK Site 3 OT OT3 c,AGCTCAGACTGAGCAAGTGA,TGAGAGGGAACAGAAGGGCTaagactaaaaggaacagaggagttcatagtgagcggtaaagagctcagactgagcaagtgaggggctcagcctcccatggaggacagggggctggggcccctggctgatgtctggactgaagcccccacgcccagAGGTTCTTGGGCCTTTGGAC
259,MK HiFi-ABE Site 7.10 HEK Site 3 OT OT3 a,AGCTCAGACTGAGCAAGTGA,TGAGAGGGAACAGAAGGGCTaagactaaaaggaacagaggagttcatagtgagcggtaaagagctcagactgagcaagtgaggggctcagcctcccatggaggacagggggctggggcccctggctgatgtctggactgaagcccccacgcccagAGGTTCTTGGGCCTTTGGAC
260,MK HiFi-ABE Site 7.10 HEK Site 3 OT OT3 b,AGCTCAGACTGAGCAAGTGA,TGAGAGGGAACAGAAGGGCTaagactaaaaggaacagaggagttcatagtgagcggtaaagagctcagactgagcaagtgaggggctcagcctcccatggaggacagggggctggggcccctggctgatgtctggactgaagcccccacgcccagAGGTTCTTGGGCCTTTGGAC
261,MK HiFi-ABE Site 7.10 HEK Site 3 OT OT3 c,AGCTCAGACTGAGCAAGTGA,TGAGAGGGAACAGAAGGGCTaagactaaaaggaacagaggagttcatagtgagcggtaaagagctcagactgagcaagtgaggggctcagcctcccatggaggacagggggctggggcccctggctgatgtctggactgaagcccccacgcccagAGGTTCTTGGGCCTTTGGAC
262,MK N157K HiFi-ABE Site 7.10 HEK Site 3 OT OT3 a,AGCTCAGACTGAGCAAGTGA,TGAGAGGGAACAGAAGGGCTaagactaaaaggaacagaggagttcatagtgagcggtaaagagctcagactgagcaagtgaggggctcagcctcccatggaggacagggggctggggcccctggctgatgtctggactgaagcccccacgcccagAGGTTCTTGGGCCTTTGGAC
263,MK N157K HiFi-ABE Site 7.10 HEK Site 3 OT OT3 b,AGCTCAGACTGAGCAAGTGA,TGAGAGGGAACAGAAGGGCTaagactaaaaggaacagaggagttcatagtgagcggtaaagagctcagactgagcaagtgaggggctcagcctcccatggaggacagggggctggggcccctggctgatgtctggactgaagcccccacgcccagAGGTTCTTGGGCCTTTGGAC
264,MK N157K HiFi-ABE Site 7.10 HEK Site 3 OT OT3 c,AGCTCAGACTGAGCAAGTGA,TGAGAGGGAACAGAAGGGCTaagactaaaaggaacagaggagttcatagtgagcggtaaagagctcagactgagcaagtgaggggctcagcctcccatggaggacagggggctggggcccctggctgatgtctggactgaagcccccacgcccagAGGTTCTTGGGCCTTTGGAC
265,MK N157K 10 aa HiFi-ABE Site 7.10 HEK Site 3 OT OT3 a,AGCTCAGACTGAGCAAGTGA,TGAGAGGGAACAGAAGGGCTaagactaaaaggaacagaggagttcatagtgagcggtaaagagctcagactgagcaagtgaggggctcagcctcccatggaggacagggggctggggcccctggctgatgtctggactgaagcccccacgcccagAGGTTCTTGGGCCTTTGGAC
266,MK N157K 10 aa HiFi-ABE Site 7.10 HEK Site 3 OT OT3 b,AGCTCAGACTGAGCAAGTGA,TGAGAGGGAACAGAAGGGCTaagactaaaaggaacagaggagttcatagtgagcggtaaagagctcagactgagcaagtgaggggctcagcctcccatggaggacagggggctggggcccctggctgatgtctggactgaagcccccacgcccagAGGTTCTTGGGCCTTTGGAC
267,MK N157K 10 aa HiFi-ABE Site 7.10 HEK Site 3 OT OT3 c,AGCTCAGACTGAGCAAGTGA,TGAGAGGGAACAGAAGGGCTaagactaaaaggaacagaggagttcatagtgagcggtaaagagctcagactgagcaagtgaggggctcagcctcccatggaggacagggggctggggcccctggctgatgtctggactgaagcccccacgcccagAGGTTCTTGGGCCTTTGGAC
268,MK N157K 5 aa HiFi-ABE Site 7.10 HEK Site 3 OT OT3 a,AGCTCAGACTGAGCAAGTGA,TGAGAGGGAACAGAAGGGCTaagactaaaaggaacagaggagttcatagtgagcggtaaagagctcagactgagcaagtgaggggctcagcctcccatggaggacagggggctggggcccctggctgatgtctggactgaagcccccacgcccagAGGTTCTTGGGCCTTTGGAC
269,MK N157K 5 aa HiFi-ABE Site 7.10 HEK Site 3 OT OT3 b,AGCTCAGACTGAGCAAGTGA,TGAGAGGGAACAGAAGGGCTaagactaaaaggaacagaggagttcatagtgagcggtaaagagctcagactgagcaagtgaggggctcagcctcccatggaggacagggggctggggcccctggctgatgtctggactgaagcccccacgcccagAGGTTCTTGGGCCTTTGGAC
270,MK N157K 5 aa HiFi-ABE Site 7.10 HEK Site 3 OT OT3 c,AGCTCAGACTGAGCAAGTGA,TGAGAGGGAACAGAAGGGCTaagactaaaaggaacagaggagttcatagtgagcggtaaagagctcagactgagcaagtgaggggctcagcctcccatggaggacagggggctggggcccctggctgatgtctggactgaagcccccacgcccagAGGTTCTTGGGCCTTTGGAC
271,MK inlaid HiFi-ABE Site 7.10 HEK Site 3 OT OT3 a,AGCTCAGACTGAGCAAGTGA,TGAGAGGGAACAGAAGGGCTaagactaaaaggaacagaggagttcatagtgagcggtaaagagctcagactgagcaagtgaggggctcagcctcccatggaggacagggggctggggcccctggctgatgtctggactgaagcccccacgcccagAGGTTCTTGGGCCTTTGGAC
272,MK inlaid HiFi-ABE Site 7.10 HEK Site 3 OT OT3 b,AGCTCAGACTGAGCAAGTGA,TGAGAGGGAACAGAAGGGCTaagactaaaaggaacagaggagttcatagtgagcggtaaagagctcagactgagcaagtgaggggctcagcctcccatggaggacagggggctggggcccctggctgatgtctggactgaagcccccacgcccagAGGTTCTTGGGCCTTTGGAC
273,MK inlaid HiFi-ABE Site 7.10 HEK Site 3 OT OT3 c,AGCTCAGACTGAGCAAGTGA,TGAGAGGGAACAGAAGGGCTaagactaaaaggaacagaggagttcatagtgagcggtaaagagctcagactgagcaagtgaggggctcagcctcccatggaggacagggggctggggcccctggctgatgtctggactgaagcccccacgcccagAGGTTCTTGGGCCTTTGGAC
274,MK Con Site 7.10 HEK Site 4 OT OT1 a,TGCACTGCGGCCGGAGGAGG,GGCATGGCTTCTGAGACTCAtagctggggctgaagatccctaggggggctctgctgggctcactgctctccagagtggtccagcccggctgcagggtgctgcttccagcttggtgcactgcggccggaggaggtggaggatggaaagtaagattcAAAGACAGGGAGTGCAAGGGGACA
275,MK Con Site 7.10 HEK Site 4 OT OT1 b,TGCACTGCGGCCGGAGGAGG,GGCATGGCTTCTGAGACTCAtagctggggctgaagatccctaggggggctctgctgggctcactgctctccagagtggtccagcccggctgcagggtgctgcttccagcttggtgcactgcggccggaggaggtggaggatggaaagtaagattcAAAGACAGGGAGTGCAAGGGGACA
276,MK Con Site 7.10 HEK Site 4 OT OT1 c,TGCACTGCGGCCGGAGGAGG,GGCATGGCTTCTGAGACTCAtagctggggctgaagatccctaggggggctctgctgggctcactgctctccagagtggtccagcccggctgcagggtgctgcttccagcttggtgcactgcggccggaggaggtggaggatggaaagtaagattcAAAGACAGGGAGTGCAAGGGGACA
277,MK ABE8e Site 7.10 HEK Site 4 OT OT1 a,TGCACTGCGGCCGGAGGAGG,GGCATGGCTTCTGAGACTCAtagctggggctgaagatccctaggggggctctgctgggctcactgctctccagagtggtccagcccggctgcagggtgctgcttccagcttggtgcactgcggccggaggaggtggaggatggaaagtaagattcAAAGACAGGGAGTGCAAGGGGACA
278,MK ABE8e Site 7.10 HEK Site 4 OT OT1 b,TGCACTGCGGCCGGAGGAGG,GGCATGGCTTCTGAGACTCAtagctggggctgaagatccctaggggggctctgctgggctcactgctctccagagtggtccagcccggctgcagggtgctgcttccagcttggtgcactgcggccggaggaggtggaggatggaaagtaagattcAAAGACAGGGAGTGCAAGGGGACA
279,MK ABE8e Site 7.10 HEK Site 4 OT OT1 c,TGCACTGCGGCCGGAGGAGG,GGCATGGCTTCTGAGACTCAtagctggggctgaagatccctaggggggctctgctgggctcactgctctccagagtggtccagcccggctgcagggtgctgcttccagcttggtgcactgcggccggaggaggtggaggatggaaagtaagattcAAAGACAGGGAGTGCAAGGGGACA
280,MK HiFi-ABE Site 7.10 HEK Site 4 OT OT1 a,TGCACTGCGGCCGGAGGAGG,GGCATGGCTTCTGAGACTCAtagctggggctgaagatccctaggggggctctgctgggctcactgctctccagagtggtccagcccggctgcagggtgctgcttccagcttggtgcactgcggccggaggaggtggaggatggaaagtaagattcAAAGACAGGGAGTGCAAGGGGACA
281,MK HiFi-ABE Site 7.10 HEK Site 4 OT OT1 b,TGCACTGCGGCCGGAGGAGG,GGCATGGCTTCTGAGACTCAtagctggggctgaagatccctaggggggctctgctgggctcactgctctccagagtggtccagcccggctgcagggtgctgcttccagcttggtgcactgcggccggaggaggtggaggatggaaagtaagattcAAAGACAGGGAGTGCAAGGGGACA
282,MK HiFi-ABE Site 7.10 HEK Site 4 OT OT1 c,TGCACTGCGGCCGGAGGAGG,GGCATGGCTTCTGAGACTCAtagctggggctgaagatccctaggggggctctgctgggctcactgctctccagagtggtccagcccggctgcagggtgctgcttccagcttggtgcactgcggccggaggaggtggaggatggaaagtaagattcAAAGACAGGGAGTGCAAGGGGACA
283,MK N157K HiFi-ABE Site 7.10 HEK Site 4 OT OT1 a,TGCACTGCGGCCGGAGGAGG,GGCATGGCTTCTGAGACTCAtagctggggctgaagatccctaggggggctctgctgggctcactgctctccagagtggtccagcccggctgcagggtgctgcttccagcttggtgcactgcggccggaggaggtggaggatggaaagtaagattcAAAGACAGGGAGTGCAAGGGGACA
284,MK N157K HiFi-ABE Site 7.10 HEK Site 4 OT OT1 b,TGCACTGCGGCCGGAGGAGG,GGCATGGCTTCTGAGACTCAtagctggggctgaagatccctaggggggctctgctgggctcactgctctccagagtggtccagcccggctgcagggtgctgcttccagcttggtgcactgcggccggaggaggtggaggatggaaagtaagattcAAAGACAGGGAGTGCAAGGGGACA
285,MK N157K HiFi-ABE Site 7.10 HEK Site 4 OT OT1 c,TGCACTGCGGCCGGAGGAGG,GGCATGGCTTCTGAGACTCAtagctggggctgaagatccctaggggggctctgctgggctcactgctctccagagtggtccagcccggctgcagggtgctgcttccagcttggtgcactgcggccggaggaggtggaggatggaaagtaagattcAAAGACAGGGAGTGCAAGGGGACA
286,MK N157K 10 aa HiFi-ABE Site 7.10 HEK Site 4 OT OT1 a,TGCACTGCGGCCGGAGGAGG,GGCATGGCTTCTGAGACTCAtagctggggctgaagatccctaggggggctctgctgggctcactgctctccagagtggtccagcccggctgcagggtgctgcttccagcttggtgcactgcggccggaggaggtggaggatggaaagtaagattcAAAGACAGGGAGTGCAAGGGGACA
287,MK N157K 10 aa HiFi-ABE Site 7.10 HEK Site 4 OT OT1 b,TGCACTGCGGCCGGAGGAGG,GGCATGGCTTCTGAGACTCAtagctggggctgaagatccctaggggggctctgctgggctcactgctctccagagtggtccagcccggctgcagggtgctgcttccagcttggtgcactgcggccggaggaggtggaggatggaaagtaagattcAAAGACAGGGAGTGCAAGGGGACA
288,MK N157K 10 aa HiFi-ABE Site 7.10 HEK Site 4 OT OT1 c,TGCACTGCGGCCGGAGGAGG,GGCATGGCTTCTGAGACTCAtagctggggctgaagatccctaggggggctctgctgggctcactgctctccagagtggtccagcccggctgcagggtgctgcttccagcttggtgcactgcggccggaggaggtggaggatggaaagtaagattcAAAGACAGGGAGTGCAAGGGGACA
289,MK N157K 5 aa HiFi-ABE Site 7.10 HEK Site 4 OT OT1 a,TGCACTGCGGCCGGAGGAGG,GGCATGGCTTCTGAGACTCAtagctggggctgaagatccctaggggggctctgctgggctcactgctctccagagtggtccagcccggctgcagggtgctgcttccagcttggtgcactgcggccggaggaggtggaggatggaaagtaagattcAAAGACAGGGAGTGCAAGGGGACA
290,MK N157K 5 aa HiFi-ABE Site 7.10 HEK Site 4 OT OT1 b,TGCACTGCGGCCGGAGGAGG,GGCATGGCTTCTGAGACTCAtagctggggctgaagatccctaggggggctctgctgggctcactgctctccagagtggtccagcccggctgcagggtgctgcttccagcttggtgcactgcggccggaggaggtggaggatggaaagtaagattcAAAGACAGGGAGTGCAAGGGGACA
291,MK N157K 5 aa HiFi-ABE Site 7.10 HEK Site 4 OT OT1 c,TGCACTGCGGCCGGAGGAGG,GGCATGGCTTCTGAGACTCAtagctggggctgaagatccctaggggggctctgctgggctcactgctctccagagtggtccagcccggctgcagggtgctgcttccagcttggtgcactgcggccggaggaggtggaggatggaaagtaagattcAAAGACAGGGAGTGCAAGGGGACA
292,MK inlaid HiFi-ABE Site 7.10 HEK Site 4 OT OT1 a,TGCACTGCGGCCGGAGGAGG,GGCATGGCTTCTGAGACTCAtagctggggctgaagatccctaggggggctctgctgggctcactgctctccagagtggtccagcccggctgcagggtgctgcttccagcttggtgcactgcggccggaggaggtggaggatggaaagtaagattcAAAGACAGGGAGTGCAAGGGGACA
293,MK inlaid HiFi-ABE Site 7.10 HEK Site 4 OT OT1 b,TGCACTGCGGCCGGAGGAGG,GGCATGGCTTCTGAGACTCAtagctggggctgaagatccctaggggggctctgctgggctcactgctctccagagtggtccagcccggctgcagggtgctgcttccagcttggtgcactgcggccggaggaggtggaggatggaaagtaagattcAAAGACAGGGAGTGCAAGGGGACA
294,MK inlaid HiFi-ABE Site 7.10 HEK Site 4 OT OT1 c,TGCACTGCGGCCGGAGGAGG,GGCATGGCTTCTGAGACTCAtagctggggctgaagatccctaggggggctctgctgggctcactgctctccagagtggtccagcccggctgcagggtgctgcttccagcttggtgcactgcggccggaggaggtggaggatggaaagtaagattcAAAGACAGGGAGTGCAAGGGGACA
295,MK Con Site 7.10 HEK Site 4 OT OT3 a,GGCACGACGGCTGGAGGTGG,GGTCTGAGGCTCGAATCCTGgcagcaggtccttcatggcaaggcgggaaaagagaaaagccaacgggttctcatgctgggaaaagatgccgggcacgacggctggaggtggggggttgggagtgggtgggatgcttgcgtgccctgcatgaggtgCAGGGATATGGAGGCCACAG
296,MK Con Site 7.10 HEK Site 4 OT OT3 b,GGCACGACGGCTGGAGGTGG,GGTCTGAGGCTCGAATCCTGgcagcaggtccttcatggcaaggcgggaaaagagaaaagccaacgggttctcatgctgggaaaagatgccgggcacgacggctggaggtggggggttgggagtgggtgggatgcttgcgtgccctgcatgaggtgCAGGGATATGGAGGCCACAG
297,MK Con Site 7.10 HEK Site 4 OT OT3 c,GGCACGACGGCTGGAGGTGG,GGTCTGAGGCTCGAATCCTGgcagcaggtccttcatggcaaggcgggaaaagagaaaagccaacgggttctcatgctgggaaaagatgccgggcacgacggctggaggtggggggttgggagtgggtgggatgcttgcgtgccctgcatgaggtgCAGGGATATGGAGGCCACAG
298,MK ABE8e Site 7.10 HEK Site 4 OT OT3 a,GGCACGACGGCTGGAGGTGG,GGTCTGAGGCTCGAATCCTGgcagcaggtccttcatggcaaggcgggaaaagagaaaagccaacgggttctcatgctgggaaaagatgccgggcacgacggctggaggtggggggttgggagtgggtgggatgcttgcgtgccctgcatgaggtgCAGGGATATGGAGGCCACAG
299,MK ABE8e Site 7.10 HEK Site 4 OT OT3 b,GGCACGACGGCTGGAGGTGG,GGTCTGAGGCTCGAATCCTGgcagcaggtccttcatggcaaggcgggaaaagagaaaagccaacgggttctcatgctgggaaaagatgccgggcacgacggctggaggtggggggttgggagtgggtgggatgcttgcgtgccctgcatgaggtgCAGGGATATGGAGGCCACAG
300,MK ABE8e Site 7.10 HEK Site 4 OT OT3 c,GGCACGACGGCTGGAGGTGG,GGTCTGAGGCTCGAATCCTGgcagcaggtccttcatggcaaggcgggaaaagagaaaagccaacgggttctcatgctgggaaaagatgccgggcacgacggctggaggtggggggttgggagtgggtgggatgcttgcgtgccctgcatgaggtgCAGGGATATGGAGGCCACAG
301,MK HiFi-ABE Site 7.10 HEK Site 4 OT OT3 a,GGCACGACGGCTGGAGGTGG,GGTCTGAGGCTCGAATCCTGgcagcaggtccttcatggcaaggcgggaaaagagaaaagccaacgggttctcatgctgggaaaagatgccgggcacgacggctggaggtggggggttgggagtgggtgggatgcttgcgtgccctgcatgaggtgCAGGGATATGGAGGCCACAG
302,MK HiFi-ABE Site 7.10 HEK Site 4 OT OT3 b,GGCACGACGGCTGGAGGTGG,GGTCTGAGGCTCGAATCCTGgcagcaggtccttcatggcaaggcgggaaaagagaaaagccaacgggttctcatgctgggaaaagatgccgggcacgacggctggaggtggggggttgggagtgggtgggatgcttgcgtgccctgcatgaggtgCAGGGATATGGAGGCCACAG
303,MK HiFi-ABE Site 7.10 HEK Site 4 OT OT3 c,GGCACGACGGCTGGAGGTGG,GGTCTGAGGCTCGAATCCTGgcagcaggtccttcatggcaaggcgggaaaagagaaaagccaacgggttctcatgctgggaaaagatgccgggcacgacggctggaggtggggggttgggagtgggtgggatgcttgcgtgccctgcatgaggtgCAGGGATATGGAGGCCACAG
304,MK N157K HiFi-ABE Site 7.10 HEK Site 4 OT OT3 a,GGCACGACGGCTGGAGGTGG,GGTCTGAGGCTCGAATCCTGgcagcaggtccttcatggcaaggcgggaaaagagaaaagccaacgggttctcatgctgggaaaagatgccgggcacgacggctggaggtggggggttgggagtgggtgggatgcttgcgtgccctgcatgaggtgCAGGGATATGGAGGCCACAG
305,MK N157K HiFi-ABE Site 7.10 HEK Site 4 OT OT3 b,GGCACGACGGCTGGAGGTGG,GGTCTGAGGCTCGAATCCTGgcagcaggtccttcatggcaaggcgggaaaagagaaaagccaacgggttctcatgctgggaaaagatgccgggcacgacggctggaggtggggggttgggagtgggtgggatgcttgcgtgccctgcatgaggtgCAGGGATATGGAGGCCACAG
306,MK N157K HiFi-ABE Site 7.10 HEK Site 4 OT OT3 c,GGCACGACGGCTGGAGGTGG,GGTCTGAGGCTCGAATCCTGgcagcaggtccttcatggcaaggcgggaaaagagaaaagccaacgggttctcatgctgggaaaagatgccgggcacgacggctggaggtggggggttgggagtgggtgggatgcttgcgtgccctgcatgaggtgCAGGGATATGGAGGCCACAG
307,MK N157K 10 aa HiFi-ABE Site 7.10 HEK Site 4 OT OT3 a,GGCACGACGGCTGGAGGTGG,GGTCTGAGGCTCGAATCCTGgcagcaggtccttcatggcaaggcgggaaaagagaaaagccaacgggttctcatgctgggaaaagatgccgggcacgacggctggaggtggggggttgggagtgggtgggatgcttgcgtgccctgcatgaggtgCAGGGATATGGAGGCCACAG
308,MK N157K 10 aa HiFi-ABE Site 7.10 HEK Site 4 OT OT3 b,GGCACGACGGCTGGAGGTGG,GGTCTGAGGCTCGAATCCTGgcagcaggtccttcatggcaaggcgggaaaagagaaaagccaacgggttctcatgctgggaaaagatgccgggcacgacggctggaggtggggggttgggagtgggtgggatgcttgcgtgccctgcatgaggtgCAGGGATATGGAGGCCACAG
309,MK N157K 10 aa HiFi-ABE Site 7.10 HEK Site 4 OT OT3 c,GGCACGACGGCTGGAGGTGG,GGTCTGAGGCTCGAATCCTGgcagcaggtccttcatggcaaggcgggaaaagagaaaagccaacgggttctcatgctgggaaaagatgccgggcacgacggctggaggtggggggttgggagtgggtgggatgcttgcgtgccctgcatgaggtgCAGGGATATGGAGGCCACAG
310,MK N157K 5 aa HiFi-ABE Site 7.10 HEK Site 4 OT OT3 a,GGCACGACGGCTGGAGGTGG,GGTCTGAGGCTCGAATCCTGgcagcaggtccttcatggcaaggcgggaaaagagaaaagccaacgggttctcatgctgggaaaagatgccgggcacgacggctggaggtggggggttgggagtgggtgggatgcttgcgtgccctgcatgaggtgCAGGGATATGGAGGCCACAG
311,MK N157K 5 aa HiFi-ABE Site 7.10 HEK Site 4 OT OT3 b,GGCACGACGGCTGGAGGTGG,GGTCTGAGGCTCGAATCCTGgcagcaggtccttcatggcaaggcgggaaaagagaaaagccaacgggttctcatgctgggaaaagatgccgggcacgacggctggaggtggggggttgggagtgggtgggatgcttgcgtgccctgcatgaggtgCAGGGATATGGAGGCCACAG
312,MK N157K 5 aa HiFi-ABE Site 7.10 HEK Site 4 OT OT3 c,GGCACGACGGCTGGAGGTGG,GGTCTGAGGCTCGAATCCTGgcagcaggtccttcatggcaaggcgggaaaagagaaaagccaacgggttctcatgctgggaaaagatgccgggcacgacggctggaggtggggggttgggagtgggtgggatgcttgcgtgccctgcatgaggtgCAGGGATATGGAGGCCACAG
313,MK inlaid HiFi-ABE Site 7.10 HEK Site 4 OT OT3 a,GGCACGACGGCTGGAGGTGG,GGTCTGAGGCTCGAATCCTGgcagcaggtccttcatggcaaggcgggaaaagagaaaagccaacgggttctcatgctgggaaaagatgccgggcacgacggctggaggtggggggttgggagtgggtgggatgcttgcgtgccctgcatgaggtgCAGGGATATGGAGGCCACAG
314,MK inlaid HiFi-ABE Site 7.10 HEK Site 4 OT OT3 b,GGCACGACGGCTGGAGGTGG,GGTCTGAGGCTCGAATCCTGgcagcaggtccttcatggcaaggcgggaaaagagaaaagccaacgggttctcatgctgggaaaagatgccgggcacgacggctggaggtggggggttgggagtgggtgggatgcttgcgtgccctgcatgaggtgCAGGGATATGGAGGCCACAG
315,MK inlaid HiFi-ABE Site 7.10 HEK Site 4 OT OT3 c,GGCACGACGGCTGGAGGTGG,GGTCTGAGGCTCGAATCCTGgcagcaggtccttcatggcaaggcgggaaaagagaaaagccaacgggttctcatgctgggaaaagatgccgggcacgacggctggaggtggggggttgggagtgggtgggatgcttgcgtgccctgcatgaggtgCAGGGATATGGAGGCCACAG
316,MK Con Site 7.10 HEK Site 4 OT OT4 a,GGCATCACGGCTGGAGGTGG,TTTCCACCAGAACTCAGCCCaggctgctgtgggatggaatcacctgcacccggatgttctttctgggctggtacatacaggcaaggcatcacggctggaggtggagggggcctaacccggggttgcccaggaaggggtttgcacatggattcggtGTGTTGTGGAGGAACCGAGG
317,MK Con Site 7.10 HEK Site 4 OT OT4 b,GGCATCACGGCTGGAGGTGG,TTTCCACCAGAACTCAGCCCaggctgctgtgggatggaatcacctgcacccggatgttctttctgggctggtacatacaggcaaggcatcacggctggaggtggagggggcctaacccggggttgcccaggaaggggtttgcacatggattcggtGTGTTGTGGAGGAACCGAGG
318,MK Con Site 7.10 HEK Site 4 OT OT4 c,GGCATCACGGCTGGAGGTGG,TTTCCACCAGAACTCAGCCCaggctgctgtgggatggaatcacctgcacccggatgttctttctgggctggtacatacaggcaaggcatcacggctggaggtggagggggcctaacccggggttgcccaggaaggggtttgcacatggattcggtGTGTTGTGGAGGAACCGAGG
319,MK ABE8e Site 7.10 HEK Site 4 OT OT4 a,GGCATCACGGCTGGAGGTGG,TTTCCACCAGAACTCAGCCCaggctgctgtgggatggaatcacctgcacccggatgttctttctgggctggtacatacaggcaaggcatcacggctggaggtggagggggcctaacccggggttgcccaggaaggggtttgcacatggattcggtGTGTTGTGGAGGAACCGAGG
320,MK ABE8e Site 7.10 HEK Site 4 OT OT4 b,GGCATCACGGCTGGAGGTGG,TTTCCACCAGAACTCAGCCCaggctgctgtgggatggaatcacctgcacccggatgttctttctgggctggtacatacaggcaaggcatcacggctggaggtggagggggcctaacccggggttgcccaggaaggggtttgcacatggattcggtGTGTTGTGGAGGAACCGAGG
321,MK ABE8e Site 7.10 HEK Site 4 OT OT4 c,GGCATCACGGCTGGAGGTGG,TTTCCACCAGAACTCAGCCCaggctgctgtgggatggaatcacctgcacccggatgttctttctgggctggtacatacaggcaaggcatcacggctggaggtggagggggcctaacccggggttgcccaggaaggggtttgcacatggattcggtGTGTTGTGGAGGAACCGAGG
322,MK HiFi-ABE Site 7.10 HEK Site 4 OT OT4 a,GGCATCACGGCTGGAGGTGG,TTTCCACCAGAACTCAGCCCaggctgctgtgggatggaatcacctgcacccggatgttctttctgggctggtacatacaggcaaggcatcacggctggaggtggagggggcctaacccggggttgcccaggaaggggtttgcacatggattcggtGTGTTGTGGAGGAACCGAGG
323,MK HiFi-ABE Site 7.10 HEK Site 4 OT OT4 b,GGCATCACGGCTGGAGGTGG,TTTCCACCAGAACTCAGCCCaggctgctgtgggatggaatcacctgcacccggatgttctttctgggctggtacatacaggcaaggcatcacggctggaggtggagggggcctaacccggggttgcccaggaaggggtttgcacatggattcggtGTGTTGTGGAGGAACCGAGG
324,MK HiFi-ABE Site 7.10 HEK Site 4 OT OT4 c,GGCATCACGGCTGGAGGTGG,TTTCCACCAGAACTCAGCCCaggctgctgtgggatggaatcacctgcacccggatgttctttctgggctggtacatacaggcaaggcatcacggctggaggtggagggggcctaacccggggttgcccaggaaggggtttgcacatggattcggtGTGTTGTGGAGGAACCGAGG
325,MK N157K HiFi-ABE Site 7.10 HEK Site 4 OT OT4 a,GGCATCACGGCTGGAGGTGG,TTTCCACCAGAACTCAGCCCaggctgctgtgggatggaatcacctgcacccggatgttctttctgggctggtacatacaggcaaggcatcacggctggaggtggagggggcctaacccggggttgcccaggaaggggtttgcacatggattcggtGTGTTGTGGAGGAACCGAGG
326,MK N157K HiFi-ABE Site 7.10 HEK Site 4 OT OT4 b,GGCATCACGGCTGGAGGTGG,TTTCCACCAGAACTCAGCCCaggctgctgtgggatggaatcacctgcacccggatgttctttctgggctggtacatacaggcaaggcatcacggctggaggtggagggggcctaacccggggttgcccaggaaggggtttgcacatggattcggtGTGTTGTGGAGGAACCGAGG
327,MK N157K HiFi-ABE Site 7.10 HEK Site 4 OT OT4 c,GGCATCACGGCTGGAGGTGG,TTTCCACCAGAACTCAGCCCaggctgctgtgggatggaatcacctgcacccggatgttctttctgggctggtacatacaggcaaggcatcacggctggaggtggagggggcctaacccggggttgcccaggaaggggtttgcacatggattcggtGTGTTGTGGAGGAACCGAGG
328,MK N157K 10 aa HiFi-ABE Site 7.10 HEK Site 4 OT OT4 a,GGCATCACGGCTGGAGGTGG,TTTCCACCAGAACTCAGCCCaggctgctgtgggatggaatcacctgcacccggatgttctttctgggctggtacatacaggcaaggcatcacggctggaggtggagggggcctaacccggggttgcccaggaaggggtttgcacatggattcggtGTGTTGTGGAGGAACCGAGG
329,MK N157K 10 aa HiFi-ABE Site 7.10 HEK Site 4 OT OT4 b,GGCATCACGGCTGGAGGTGG,TTTCCACCAGAACTCAGCCCaggctgctgtgggatggaatcacctgcacccggatgttctttctgggctggtacatacaggcaaggcatcacggctggaggtggagggggcctaacccggggttgcccaggaaggggtttgcacatggattcggtGTGTTGTGGAGGAACCGAGG
330,MK N157K 10 aa HiFi-ABE Site 7.10 HEK Site 4 OT OT4 c,GGCATCACGGCTGGAGGTGG,TTTCCACCAGAACTCAGCCCaggctgctgtgggatggaatcacctgcacccggatgttctttctgggctggtacatacaggcaaggcatcacggctggaggtggagggggcctaacccggggttgcccaggaaggggtttgcacatggattcggtGTGTTGTGGAGGAACCGAGG
331,MK N157K 5 aa HiFi-ABE Site 7.10 HEK Site 4 OT OT4 a,GGCATCACGGCTGGAGGTGG,TTTCCACCAGAACTCAGCCCaggctgctgtgggatggaatcacctgcacccggatgttctttctgggctggtacatacaggcaaggcatcacggctggaggtggagggggcctaacccggggttgcccaggaaggggtttgcacatggattcggtGTGTTGTGGAGGAACCGAGG
332,MK N157K 5 aa HiFi-ABE Site 7.10 HEK Site 4 OT OT4 b,GGCATCACGGCTGGAGGTGG,TTTCCACCAGAACTCAGCCCaggctgctgtgggatggaatcacctgcacccggatgttctttctgggctggtacatacaggcaaggcatcacggctggaggtggagggggcctaacccggggttgcccaggaaggggtttgcacatggattcggtGTGTTGTGGAGGAACCGAGG
333,MK N157K 5 aa HiFi-ABE Site 7.10 HEK Site 4 OT OT4 c,GGCATCACGGCTGGAGGTGG,TTTCCACCAGAACTCAGCCCaggctgctgtgggatggaatcacctgcacccggatgttctttctgggctggtacatacaggcaaggcatcacggctggaggtggagggggcctaacccggggttgcccaggaaggggtttgcacatggattcggtGTGTTGTGGAGGAACCGAGG
334,MK inlaid HiFi-ABE Site 7.10 HEK Site 4 OT OT4 a,GGCATCACGGCTGGAGGTGG,TTTCCACCAGAACTCAGCCCaggctgctgtgggatggaatcacctgcacccggatgttctttctgggctggtacatacaggcaaggcatcacggctggaggtggagggggcctaacccggggttgcccaggaaggggtttgcacatggattcggtGTGTTGTGGAGGAACCGAGG
335,MK inlaid HiFi-ABE Site 7.10 HEK Site 4 OT OT4 b,GGCATCACGGCTGGAGGTGG,TTTCCACCAGAACTCAGCCCaggctgctgtgggatggaatcacctgcacccggatgttctttctgggctggtacatacaggcaaggcatcacggctggaggtggagggggcctaacccggggttgcccaggaaggggtttgcacatggattcggtGTGTTGTGGAGGAACCGAGG
336,MK inlaid HiFi-ABE Site 7.10 HEK Site 4 OT OT4 c,GGCATCACGGCTGGAGGTGG,TTTCCACCAGAACTCAGCCCaggctgctgtgggatggaatcacctgcacccggatgttctttctgggctggtacatacaggcaaggcatcacggctggaggtggagggggcctaacccggggttgcccaggaaggggtttgcacatggattcggtGTGTTGTGGAGGAACCGAGG
337,Con R-Loop Site 1 a,GTGGTAGACAGCATGTGTCCTA,TGCAGTCTCCTGCTTCTCTGtgatagggttagaaggacccctgtatttttgcacatgcatgtgaatatacccttTAGGACACATGCTGTCTACCACaactggacatgacaatgacctggggccattttctcagtaaggtagacccaaAGCAACCTAGCATCCCCCTA
338,Con R-Loop Site 1 b,GTGGTAGACAGCATGTGTCCTA,TGCAGTCTCCTGCTTCTCTGtgatagggttagaaggacccctgtatttttgcacatgcatgtgaatatacccttTAGGACACATGCTGTCTACCACaactggacatgacaatgacctggggccattttctcagtaaggtagacccaaAGCAACCTAGCATCCCCCTA
339,Con R-Loop Site 1 c,GTGGTAGACAGCATGTGTCCTA,TGCAGTCTCCTGCTTCTCTGtgatagggttagaaggacccctgtatttttgcacatgcatgtgaatatacccttTAGGACACATGCTGTCTACCACaactggacatgacaatgacctggggccattttctcagtaaggtagacccaaAGCAACCTAGCATCCCCCTA
340,ABE8e -eGFP R-Loop Site 1 a,GTGGTAGACAGCATGTGTCCTA,TGCAGTCTCCTGCTTCTCTGtgatagggttagaaggacccctgtatttttgcacatgcatgtgaatatacccttTAGGACACATGCTGTCTACCACaactggacatgacaatgacctggggccattttctcagtaaggtagacccaaAGCAACCTAGCATCCCCCTA
341,ABE8e -eGFP R-Loop Site 1 b,GTGGTAGACAGCATGTGTCCTA,TGCAGTCTCCTGCTTCTCTGtgatagggttagaaggacccctgtatttttgcacatgcatgtgaatatacccttTAGGACACATGCTGTCTACCACaactggacatgacaatgacctggggccattttctcagtaaggtagacccaaAGCAACCTAGCATCCCCCTA
342,ABE8e -eGFP R-Loop Site 1 c,GTGGTAGACAGCATGTGTCCTA,TGCAGTCTCCTGCTTCTCTGtgatagggttagaaggacccctgtatttttgcacatgcatgtgaatatacccttTAGGACACATGCTGTCTACCACaactggacatgacaatgacctggggccattttctcagtaaggtagacccaaAGCAACCTAGCATCCCCCTA
343,ABE8e dimer R-Loop Site 1 a,GTGGTAGACAGCATGTGTCCTA,TGCAGTCTCCTGCTTCTCTGtgatagggttagaaggacccctgtatttttgcacatgcatgtgaatatacccttTAGGACACATGCTGTCTACCACaactggacatgacaatgacctggggccattttctcagtaaggtagacccaaAGCAACCTAGCATCCCCCTA
344,ABE8e dimer R-Loop Site 1 b,GTGGTAGACAGCATGTGTCCTA,TGCAGTCTCCTGCTTCTCTGtgatagggttagaaggacccctgtatttttgcacatgcatgtgaatatacccttTAGGACACATGCTGTCTACCACaactggacatgacaatgacctggggccattttctcagtaaggtagacccaaAGCAACCTAGCATCCCCCTA
345,ABE8e dimer R-Loop Site 1 c,GTGGTAGACAGCATGTGTCCTA,TGCAGTCTCCTGCTTCTCTGtgatagggttagaaggacccctgtatttttgcacatgcatgtgaatatacccttTAGGACACATGCTGTCTACCACaactggacatgacaatgacctggggccattttctcagtaaggtagacccaaAGCAACCTAGCATCCCCCTA
346,HiFi-ABE R-Loop Site 1 a,GTGGTAGACAGCATGTGTCCTA,TGCAGTCTCCTGCTTCTCTGtgatagggttagaaggacccctgtatttttgcacatgcatgtgaatatacccttTAGGACACATGCTGTCTACCACaactggacatgacaatgacctggggccattttctcagtaaggtagacccaaAGCAACCTAGCATCCCCCTA
347,HiFi-ABE R-Loop Site 1 b,GTGGTAGACAGCATGTGTCCTA,TGCAGTCTCCTGCTTCTCTGtgatagggttagaaggacccctgtatttttgcacatgcatgtgaatatacccttTAGGACACATGCTGTCTACCACaactggacatgacaatgacctggggccattttctcagtaaggtagacccaaAGCAACCTAGCATCCCCCTA
348,HiFi-ABE R-Loop Site 1 c,GTGGTAGACAGCATGTGTCCTA,TGCAGTCTCCTGCTTCTCTGtgatagggttagaaggacccctgtatttttgcacatgcatgtgaatatacccttTAGGACACATGCTGTCTACCACaactggacatgacaatgacctggggccattttctcagtaaggtagacccaaAGCAACCTAGCATCCCCCTA
349,N157K HiFi-ABE R-Loop Site 1 a,GTGGTAGACAGCATGTGTCCTA,TGCAGTCTCCTGCTTCTCTGtgatagggttagaaggacccctgtatttttgcacatgcatgtgaatatacccttTAGGACACATGCTGTCTACCACaactggacatgacaatgacctggggccattttctcagtaaggtagacccaaAGCAACCTAGCATCCCCCTA
350,N157K HiFi-ABE R-Loop Site 1 b,GTGGTAGACAGCATGTGTCCTA,TGCAGTCTCCTGCTTCTCTGtgatagggttagaaggacccctgtatttttgcacatgcatgtgaatatacccttTAGGACACATGCTGTCTACCACaactggacatgacaatgacctggggccattttctcagtaaggtagacccaaAGCAACCTAGCATCCCCCTA
351,N157K HiFi-ABE R-Loop Site 1 c,GTGGTAGACAGCATGTGTCCTA,TGCAGTCTCCTGCTTCTCTGtgatagggttagaaggacccctgtatttttgcacatgcatgtgaatatacccttTAGGACACATGCTGTCTACCACaactggacatgacaatgacctggggccattttctcagtaaggtagacccaaAGCAACCTAGCATCCCCCTA
352,N157K 10 aa HiFi-ABE R-Loop Site 1 a,GTGGTAGACAGCATGTGTCCTA,TGCAGTCTCCTGCTTCTCTGtgatagggttagaaggacccctgtatttttgcacatgcatgtgaatatacccttTAGGACACATGCTGTCTACCACaactggacatgacaatgacctggggccattttctcagtaaggtagacccaaAGCAACCTAGCATCCCCCTA
353,N157K 10 aa HiFi-ABE R-Loop Site 1 b,GTGGTAGACAGCATGTGTCCTA,TGCAGTCTCCTGCTTCTCTGtgatagggttagaaggacccctgtatttttgcacatgcatgtgaatatacccttTAGGACACATGCTGTCTACCACaactggacatgacaatgacctggggccattttctcagtaaggtagacccaaAGCAACCTAGCATCCCCCTA
354,N157K 10 aa HiFi-ABE R-Loop Site 1 c,GTGGTAGACAGCATGTGTCCTA,TGCAGTCTCCTGCTTCTCTGtgatagggttagaaggacccctgtatttttgcacatgcatgtgaatatacccttTAGGACACATGCTGTCTACCACaactggacatgacaatgacctggggccattttctcagtaaggtagacccaaAGCAACCTAGCATCCCCCTA
355,N157K 05 aa HiFi-ABE R-Loop Site 1 a,GTGGTAGACAGCATGTGTCCTA,TGCAGTCTCCTGCTTCTCTGtgatagggttagaaggacccctgtatttttgcacatgcatgtgaatatacccttTAGGACACATGCTGTCTACCACaactggacatgacaatgacctggggccattttctcagtaaggtagacccaaAGCAACCTAGCATCCCCCTA
356,N157K 05 aa HiFi-ABE R-Loop Site 1 b,GTGGTAGACAGCATGTGTCCTA,TGCAGTCTCCTGCTTCTCTGtgatagggttagaaggacccctgtatttttgcacatgcatgtgaatatacccttTAGGACACATGCTGTCTACCACaactggacatgacaatgacctggggccattttctcagtaaggtagacccaaAGCAACCTAGCATCCCCCTA
357,N157K 05 aa HiFi-ABE R-Loop Site 1 c,GTGGTAGACAGCATGTGTCCTA,TGCAGTCTCCTGCTTCTCTGtgatagggttagaaggacccctgtatttttgcacatgcatgtgaatatacccttTAGGACACATGCTGTCTACCACaactggacatgacaatgacctggggccattttctcagtaaggtagacccaaAGCAACCTAGCATCCCCCTA
358,inlaid HiFi-ABE R-Loop Site 1 a,GTGGTAGACAGCATGTGTCCTA,TGCAGTCTCCTGCTTCTCTGtgatagggttagaaggacccctgtatttttgcacatgcatgtgaatatacccttTAGGACACATGCTGTCTACCACaactggacatgacaatgacctggggccattttctcagtaaggtagacccaaAGCAACCTAGCATCCCCCTA
359,inlaid HiFi-ABE R-Loop Site 1 b,GTGGTAGACAGCATGTGTCCTA,TGCAGTCTCCTGCTTCTCTGtgatagggttagaaggacccctgtatttttgcacatgcatgtgaatatacccttTAGGACACATGCTGTCTACCACaactggacatgacaatgacctggggccattttctcagtaaggtagacccaaAGCAACCTAGCATCCCCCTA
360,inlaid HiFi-ABE R-Loop Site 1 c,GTGGTAGACAGCATGTGTCCTA,TGCAGTCTCCTGCTTCTCTGtgatagggttagaaggacccctgtatttttgcacatgcatgtgaatatacccttTAGGACACATGCTGTCTACCACaactggacatgacaatgacctggggccattttctcagtaaggtagacccaaAGCAACCTAGCATCCCCCTA
361,Con R-Loop Site 2 a,ATTTACAGCCTGGCCTTTGGGG,AAAATGGCCCCTCTGGTGGTggccccttcctgcagcgccggctcacctcacggccccgcccttcccctgccagcctagcgttgacccgaCCCCAAAGGCCAGGCTGTAAATgtcaccgggaggattgggtgtctgggcgcctcggggaacctgcccTTCTCCCCATTCCGTCTTCC
362,Con R-Loop Site 2 b,ATTTACAGCCTGGCCTTTGGGG,AAAATGGCCCCTCTGGTGGTggccccttcctgcagcgccggctcacctcacggccccgcccttcccctgccagcctagcgttgacccgaCCCCAAAGGCCAGGCTGTAAATgtcaccgggaggattgggtgtctgggcgcctcggggaacctgcccTTCTCCCCATTCCGTCTTCC
363,Con R-Loop Site 2 c,ATTTACAGCCTGGCCTTTGGGG,AAAATGGCCCCTCTGGTGGTggccccttcctgcagcgccggctcacctcacggccccgcccttcccctgccagcctagcgttgacccgaCCCCAAAGGCCAGGCTGTAAATgtcaccgggaggattgggtgtctgggcgcctcggggaacctgcccTTCTCCCCATTCCGTCTTCC
364,ABE8e -eGFP R-Loop Site 2 a,ATTTACAGCCTGGCCTTTGGGG,AAAATGGCCCCTCTGGTGGTggccccttcctgcagcgccggctcacctcacggccccgcccttcccctgccagcctagcgttgacccgaCCCCAAAGGCCAGGCTGTAAATgtcaccgggaggattgggtgtctgggcgcctcggggaacctgcccTTCTCCCCATTCCGTCTTCC
365,ABE8e -eGFP R-Loop Site 2 b,ATTTACAGCCTGGCCTTTGGGG,AAAATGGCCCCTCTGGTGGTggccccttcctgcagcgccggctcacctcacggccccgcccttcccctgccagcctagcgttgacccgaCCCCAAAGGCCAGGCTGTAAATgtcaccgggaggattgggtgtctgggcgcctcggggaacctgcccTTCTCCCCATTCCGTCTTCC
366,ABE8e -eGFP R-Loop Site 2 c,ATTTACAGCCTGGCCTTTGGGG,AAAATGGCCCCTCTGGTGGTggccccttcctgcagcgccggctcacctcacggccccgcccttcccctgccagcctagcgttgacccgaCCCCAAAGGCCAGGCTGTAAATgtcaccgggaggattgggtgtctgggcgcctcggggaacctgcccTTCTCCCCATTCCGTCTTCC
367,ABE8e dimer R-Loop Site 2 a,ATTTACAGCCTGGCCTTTGGGG,AAAATGGCCCCTCTGGTGGTggccccttcctgcagcgccggctcacctcacggccccgcccttcccctgccagcctagcgttgacccgaCCCCAAAGGCCAGGCTGTAAATgtcaccgggaggattgggtgtctgggcgcctcggggaacctgcccTTCTCCCCATTCCGTCTTCC
368,ABE8e dimer R-Loop Site 2 b,ATTTACAGCCTGGCCTTTGGGG,AAAATGGCCCCTCTGGTGGTggccccttcctgcagcgccggctcacctcacggccccgcccttcccctgccagcctagcgttgacccgaCCCCAAAGGCCAGGCTGTAAATgtcaccgggaggattgggtgtctgggcgcctcggggaacctgcccTTCTCCCCATTCCGTCTTCC
369,ABE8e dimer R-Loop Site 2 c,ATTTACAGCCTGGCCTTTGGGG,AAAATGGCCCCTCTGGTGGTggccccttcctgcagcgccggctcacctcacggccccgcccttcccctgccagcctagcgttgacccgaCCCCAAAGGCCAGGCTGTAAATgtcaccgggaggattgggtgtctgggcgcctcggggaacctgcccTTCTCCCCATTCCGTCTTCC
370,HiFi-ABE R-Loop Site 2 a,ATTTACAGCCTGGCCTTTGGGG,AAAATGGCCCCTCTGGTGGTggccccttcctgcagcgccggctcacctcacggccccgcccttcccctgccagcctagcgttgacccgaCCCCAAAGGCCAGGCTGTAAATgtcaccgggaggattgggtgtctgggcgcctcggggaacctgcccTTCTCCCCATTCCGTCTTCC
371,HiFi-ABE R-Loop Site 2 b,ATTTACAGCCTGGCCTTTGGGG,AAAATGGCCCCTCTGGTGGTggccccttcctgcagcgccggctcacctcacggccccgcccttcccctgccagcctagcgttgacccgaCCCCAAAGGCCAGGCTGTAAATgtcaccgggaggattgggtgtctgggcgcctcggggaacctgcccTTCTCCCCATTCCGTCTTCC
372,HiFi-ABE R-Loop Site 2 c,ATTTACAGCCTGGCCTTTGGGG,AAAATGGCCCCTCTGGTGGTggccccttcctgcagcgccggctcacctcacggccccgcccttcccctgccagcctagcgttgacccgaCCCCAAAGGCCAGGCTGTAAATgtcaccgggaggattgggtgtctgggcgcctcggggaacctgcccTTCTCCCCATTCCGTCTTCC
373,N157K HiFi-ABE R-Loop Site 2 a,ATTTACAGCCTGGCCTTTGGGG,AAAATGGCCCCTCTGGTGGTggccccttcctgcagcgccggctcacctcacggccccgcccttcccctgccagcctagcgttgacccgaCCCCAAAGGCCAGGCTGTAAATgtcaccgggaggattgggtgtctgggcgcctcggggaacctgcccTTCTCCCCATTCCGTCTTCC
374,N157K HiFi-ABE R-Loop Site 2 b,ATTTACAGCCTGGCCTTTGGGG,AAAATGGCCCCTCTGGTGGTggccccttcctgcagcgccggctcacctcacggccccgcccttcccctgccagcctagcgttgacccgaCCCCAAAGGCCAGGCTGTAAATgtcaccgggaggattgggtgtctgggcgcctcggggaacctgcccTTCTCCCCATTCCGTCTTCC
375,N157K HiFi-ABE R-Loop Site 2 c,ATTTACAGCCTGGCCTTTGGGG,AAAATGGCCCCTCTGGTGGTggccccttcctgcagcgccggctcacctcacggccccgcccttcccctgccagcctagcgttgacccgaCCCCAAAGGCCAGGCTGTAAATgtcaccgggaggattgggtgtctgggcgcctcggggaacctgcccTTCTCCCCATTCCGTCTTCC
376,N157K 10 aa HiFi-ABE R-Loop Site 2 a,ATTTACAGCCTGGCCTTTGGGG,AAAATGGCCCCTCTGGTGGTggccccttcctgcagcgccggctcacctcacggccccgcccttcccctgccagcctagcgttgacccgaCCCCAAAGGCCAGGCTGTAAATgtcaccgggaggattgggtgtctgggcgcctcggggaacctgcccTTCTCCCCATTCCGTCTTCC
377,N157K 10 aa HiFi-ABE R-Loop Site 2 b,ATTTACAGCCTGGCCTTTGGGG,AAAATGGCCCCTCTGGTGGTggccccttcctgcagcgccggctcacctcacggccccgcccttcccctgccagcctagcgttgacccgaCCCCAAAGGCCAGGCTGTAAATgtcaccgggaggattgggtgtctgggcgcctcggggaacctgcccTTCTCCCCATTCCGTCTTCC
378,N157K 10 aa HiFi-ABE R-Loop Site 2 c,ATTTACAGCCTGGCCTTTGGGG,AAAATGGCCCCTCTGGTGGTggccccttcctgcagcgccggctcacctcacggccccgcccttcccctgccagcctagcgttgacccgaCCCCAAAGGCCAGGCTGTAAATgtcaccgggaggattgggtgtctgggcgcctcggggaacctgcccTTCTCCCCATTCCGTCTTCC
379,N157K 05 aa HiFi-ABE R-Loop Site 2 a,ATTTACAGCCTGGCCTTTGGGG,AAAATGGCCCCTCTGGTGGTggccccttcctgcagcgccggctcacctcacggccccgcccttcccctgccagcctagcgttgacccgaCCCCAAAGGCCAGGCTGTAAATgtcaccgggaggattgggtgtctgggcgcctcggggaacctgcccTTCTCCCCATTCCGTCTTCC
380,N157K 05 aa HiFi-ABE R-Loop Site 2 b,ATTTACAGCCTGGCCTTTGGGG,AAAATGGCCCCTCTGGTGGTggccccttcctgcagcgccggctcacctcacggccccgcccttcccctgccagcctagcgttgacccgaCCCCAAAGGCCAGGCTGTAAATgtcaccgggaggattgggtgtctgggcgcctcggggaacctgcccTTCTCCCCATTCCGTCTTCC
381,N157K 05 aa HiFi-ABE R-Loop Site 2 c,ATTTACAGCCTGGCCTTTGGGG,AAAATGGCCCCTCTGGTGGTggccccttcctgcagcgccggctcacctcacggccccgcccttcccctgccagcctagcgttgacccgaCCCCAAAGGCCAGGCTGTAAATgtcaccgggaggattgggtgtctgggcgcctcggggaacctgcccTTCTCCCCATTCCGTCTTCC
382,inlaid HiFi-ABE R-Loop Site 2 a,ATTTACAGCCTGGCCTTTGGGG,AAAATGGCCCCTCTGGTGGTggccccttcctgcagcgccggctcacctcacggccccgcccttcccctgccagcctagcgttgacccgaCCCCAAAGGCCAGGCTGTAAATgtcaccgggaggattgggtgtctgggcgcctcggggaacctgcccTTCTCCCCATTCCGTCTTCC
383,inlaid HiFi-ABE R-Loop Site 2 b,ATTTACAGCCTGGCCTTTGGGG,AAAATGGCCCCTCTGGTGGTggccccttcctgcagcgccggctcacctcacggccccgcccttcccctgccagcctagcgttgacccgaCCCCAAAGGCCAGGCTGTAAATgtcaccgggaggattgggtgtctgggcgcctcggggaacctgcccTTCTCCCCATTCCGTCTTCC
384,inlaid HiFi-ABE R-Loop Site 2 c,ATTTACAGCCTGGCCTTTGGGG,AAAATGGCCCCTCTGGTGGTggccccttcctgcagcgccggctcacctcacggccccgcccttcccctgccagcctagcgttgacccgaCCCCAAAGGCCAGGCTGTAAATgtcaccgggaggattgggtgtctgggcgcctcggggaacctgcccTTCTCCCCATTCCGTCTTCC
385,Con R-Loop Site 3 a,GTGTCAGGTAATGTGCTAAACA,CTCCTTAAGTGTTCAGCTGCTTTTctttcatttattccacatataattactataattgctaaacatttatttagtgtcaggtaatgtgctaaacagagagttactgctcagacatgtaataataataaataacacatcaaataaccataccattttaagctgtagtattatgaagggaaaTCTGGAGCAAAGAGAATAGACTGT
386,Con R-Loop Site 3 b,GTGTCAGGTAATGTGCTAAACA,CTCCTTAAGTGTTCAGCTGCTTTTctttcatttattccacatataattactataattgctaaacatttatttagtgtcaggtaatgtgctaaacagagagttactgctcagacatgtaataataataaataacacatcaaataaccataccattttaagctgtagtattatgaagggaaaTCTGGAGCAAAGAGAATAGACTGT
387,Con R-Loop Site 3 c,GTGTCAGGTAATGTGCTAAACA,CTCCTTAAGTGTTCAGCTGCTTTTctttcatttattccacatataattactataattgctaaacatttatttagtgtcaggtaatgtgctaaacagagagttactgctcagacatgtaataataataaataacacatcaaataaccataccattttaagctgtagtattatgaagggaaaTCTGGAGCAAAGAGAATAGACTGT
388,ABE8e -eGFP R-Loop Site 3 a,GTGTCAGGTAATGTGCTAAACA,CTCCTTAAGTGTTCAGCTGCTTTTctttcatttattccacatataattactataattgctaaacatttatttagtgtcaggtaatgtgctaaacagagagttactgctcagacatgtaataataataaataacacatcaaataaccataccattttaagctgtagtattatgaagggaaaTCTGGAGCAAAGAGAATAGACTGT
389,ABE8e -eGFP R-Loop Site 3 b,GTGTCAGGTAATGTGCTAAACA,CTCCTTAAGTGTTCAGCTGCTTTTctttcatttattccacatataattactataattgctaaacatttatttagtgtcaggtaatgtgctaaacagagagttactgctcagacatgtaataataataaataacacatcaaataaccataccattttaagctgtagtattatgaagggaaaTCTGGAGCAAAGAGAATAGACTGT
390,ABE8e -eGFP R-Loop Site 3 c,GTGTCAGGTAATGTGCTAAACA,CTCCTTAAGTGTTCAGCTGCTTTTctttcatttattccacatataattactataattgctaaacatttatttagtgtcaggtaatgtgctaaacagagagttactgctcagacatgtaataataataaataacacatcaaataaccataccattttaagctgtagtattatgaagggaaaTCTGGAGCAAAGAGAATAGACTGT
391,ABE8e dimer R-Loop Site 3 a,GTGTCAGGTAATGTGCTAAACA,CTCCTTAAGTGTTCAGCTGCTTTTctttcatttattccacatataattactataattgctaaacatttatttagtgtcaggtaatgtgctaaacagagagttactgctcagacatgtaataataataaataacacatcaaataaccataccattttaagctgtagtattatgaagggaaaTCTGGAGCAAAGAGAATAGACTGT
392,ABE8e dimer R-Loop Site 3 b,GTGTCAGGTAATGTGCTAAACA,CTCCTTAAGTGTTCAGCTGCTTTTctttcatttattccacatataattactataattgctaaacatttatttagtgtcaggtaatgtgctaaacagagagttactgctcagacatgtaataataataaataacacatcaaataaccataccattttaagctgtagtattatgaagggaaaTCTGGAGCAAAGAGAATAGACTGT
393,ABE8e dimer R-Loop Site 3 c,GTGTCAGGTAATGTGCTAAACA,CTCCTTAAGTGTTCAGCTGCTTTTctttcatttattccacatataattactataattgctaaacatttatttagtgtcaggtaatgtgctaaacagagagttactgctcagacatgtaataataataaataacacatcaaataaccataccattttaagctgtagtattatgaagggaaaTCTGGAGCAAAGAGAATAGACTGT
394,HiFi-ABE R-Loop Site 3 a,GTGTCAGGTAATGTGCTAAACA,CTCCTTAAGTGTTCAGCTGCTTTTctttcatttattccacatataattactataattgctaaacatttatttagtgtcaggtaatgtgctaaacagagagttactgctcagacatgtaataataataaataacacatcaaataaccataccattttaagctgtagtattatgaagggaaaTCTGGAGCAAAGAGAATAGACTGT
395,HiFi-ABE R-Loop Site 3 b,GTGTCAGGTAATGTGCTAAACA,CTCCTTAAGTGTTCAGCTGCTTTTctttcatttattccacatataattactataattgctaaacatttatttagtgtcaggtaatgtgctaaacagagagttactgctcagacatgtaataataataaataacacatcaaataaccataccattttaagctgtagtattatgaagggaaaTCTGGAGCAAAGAGAATAGACTGT
396,HiFi-ABE R-Loop Site 3 c,GTGTCAGGTAATGTGCTAAACA,CTCCTTAAGTGTTCAGCTGCTTTTctttcatttattccacatataattactataattgctaaacatttatttagtgtcaggtaatgtgctaaacagagagttactgctcagacatgtaataataataaataacacatcaaataaccataccattttaagctgtagtattatgaagggaaaTCTGGAGCAAAGAGAATAGACTGT
397,N157K HiFi-ABE R-Loop Site 3 a,GTGTCAGGTAATGTGCTAAACA,CTCCTTAAGTGTTCAGCTGCTTTTctttcatttattccacatataattactataattgctaaacatttatttagtgtcaggtaatgtgctaaacagagagttactgctcagacatgtaataataataaataacacatcaaataaccataccattttaagctgtagtattatgaagggaaaTCTGGAGCAAAGAGAATAGACTGT
398,N157K HiFi-ABE R-Loop Site 3 b,GTGTCAGGTAATGTGCTAAACA,CTCCTTAAGTGTTCAGCTGCTTTTctttcatttattccacatataattactataattgctaaacatttatttagtgtcaggtaatgtgctaaacagagagttactgctcagacatgtaataataataaataacacatcaaataaccataccattttaagctgtagtattatgaagggaaaTCTGGAGCAAAGAGAATAGACTGT
399,N157K HiFi-ABE R-Loop Site 3 c,GTGTCAGGTAATGTGCTAAACA,CTCCTTAAGTGTTCAGCTGCTTTTctttcatttattccacatataattactataattgctaaacatttatttagtgtcaggtaatgtgctaaacagagagttactgctcagacatgtaataataataaataacacatcaaataaccataccattttaagctgtagtattatgaagggaaaTCTGGAGCAAAGAGAATAGACTGT
400,N157K 10 aa HiFi-ABE R-Loop Site 3 a,GTGTCAGGTAATGTGCTAAACA,CTCCTTAAGTGTTCAGCTGCTTTTctttcatttattccacatataattactataattgctaaacatttatttagtgtcaggtaatgtgctaaacagagagttactgctcagacatgtaataataataaataacacatcaaataaccataccattttaagctgtagtattatgaagggaaaTCTGGAGCAAAGAGAATAGACTGT
401,N157K 10 aa HiFi-ABE R-Loop Site 3 b,GTGTCAGGTAATGTGCTAAACA,CTCCTTAAGTGTTCAGCTGCTTTTctttcatttattccacatataattactataattgctaaacatttatttagtgtcaggtaatgtgctaaacagagagttactgctcagacatgtaataataataaataacacatcaaataaccataccattttaagctgtagtattatgaagggaaaTCTGGAGCAAAGAGAATAGACTGT
402,N157K 10 aa HiFi-ABE R-Loop Site 3 c,GTGTCAGGTAATGTGCTAAACA,CTCCTTAAGTGTTCAGCTGCTTTTctttcatttattccacatataattactataattgctaaacatttatttagtgtcaggtaatgtgctaaacagagagttactgctcagacatgtaataataataaataacacatcaaataaccataccattttaagctgtagtattatgaagggaaaTCTGGAGCAAAGAGAATAGACTGT
403,N157K 05 aa HiFi-ABE R-Loop Site 3 a,GTGTCAGGTAATGTGCTAAACA,CTCCTTAAGTGTTCAGCTGCTTTTctttcatttattccacatataattactataattgctaaacatttatttagtgtcaggtaatgtgctaaacagagagttactgctcagacatgtaataataataaataacacatcaaataaccataccattttaagctgtagtattatgaagggaaaTCTGGAGCAAAGAGAATAGACTGT
404,N157K 05 aa HiFi-ABE R-Loop Site 3 b,GTGTCAGGTAATGTGCTAAACA,CTCCTTAAGTGTTCAGCTGCTTTTctttcatttattccacatataattactataattgctaaacatttatttagtgtcaggtaatgtgctaaacagagagttactgctcagacatgtaataataataaataacacatcaaataaccataccattttaagctgtagtattatgaagggaaaTCTGGAGCAAAGAGAATAGACTGT
405,N157K 05 aa HiFi-ABE R-Loop Site 3 c,GTGTCAGGTAATGTGCTAAACA,CTCCTTAAGTGTTCAGCTGCTTTTctttcatttattccacatataattactataattgctaaacatttatttagtgtcaggtaatgtgctaaacagagagttactgctcagacatgtaataataataaataacacatcaaataaccataccattttaagctgtagtattatgaagggaaaTCTGGAGCAAAGAGAATAGACTGT
406,inlaid HiFi-ABE R-Loop Site 3 a,GTGTCAGGTAATGTGCTAAACA,CTCCTTAAGTGTTCAGCTGCTTTTctttcatttattccacatataattactataattgctaaacatttatttagtgtcaggtaatgtgctaaacagagagttactgctcagacatgtaataataataaataacacatcaaataaccataccattttaagctgtagtattatgaagggaaaTCTGGAGCAAAGAGAATAGACTGT
407,inlaid HiFi-ABE R-Loop Site 3 b,GTGTCAGGTAATGTGCTAAACA,CTCCTTAAGTGTTCAGCTGCTTTTctttcatttattccacatataattactataattgctaaacatttatttagtgtcaggtaatgtgctaaacagagagttactgctcagacatgtaataataataaataacacatcaaataaccataccattttaagctgtagtattatgaagggaaaTCTGGAGCAAAGAGAATAGACTGT
408,inlaid HiFi-ABE R-Loop Site 3 c,GTGTCAGGTAATGTGCTAAACA,CTCCTTAAGTGTTCAGCTGCTTTTctttcatttattccacatataattactataattgctaaacatttatttagtgtcaggtaatgtgctaaacagagagttactgctcagacatgtaataataataaataacacatcaaataaccataccattttaagctgtagtattatgaagggaaaTCTGGAGCAAAGAGAATAGACTGT
409,Con R-Loop Site 4 a,GGTGGAGGAGGGTGCATGGGGT,AGGGGCCTCAGGGGAATAAAtcatagaatcctggacaaggtttgaaggacaggtaggatttgggtgGGTGGAGGAGGGTGCATGGGGTcagaattgtaaccgaaaactcattccaggtggatagagaaaatttctagtgttgttgtttttaaaCTATTTGGGGGACTGGCACA
410,Con R-Loop Site 4 b,GGTGGAGGAGGGTGCATGGGGT,AGGGGCCTCAGGGGAATAAAtcatagaatcctggacaaggtttgaaggacaggtaggatttgggtgGGTGGAGGAGGGTGCATGGGGTcagaattgtaaccgaaaactcattccaggtggatagagaaaatttctagtgttgttgtttttaaaCTATTTGGGGGACTGGCACA
411,Con R-Loop Site 4 c,GGTGGAGGAGGGTGCATGGGGT,AGGGGCCTCAGGGGAATAAAtcatagaatcctggacaaggtttgaaggacaggtaggatttgggtgGGTGGAGGAGGGTGCATGGGGTcagaattgtaaccgaaaactcattccaggtggatagagaaaatttctagtgttgttgtttttaaaCTATTTGGGGGACTGGCACA
412,ABE8e -eGFP R-Loop Site 4 a,GGTGGAGGAGGGTGCATGGGGT,AGGGGCCTCAGGGGAATAAAtcatagaatcctggacaaggtttgaaggacaggtaggatttgggtgGGTGGAGGAGGGTGCATGGGGTcagaattgtaaccgaaaactcattccaggtggatagagaaaatttctagtgttgttgtttttaaaCTATTTGGGGGACTGGCACA
413,ABE8e -eGFP R-Loop Site 4 b,GGTGGAGGAGGGTGCATGGGGT,AGGGGCCTCAGGGGAATAAAtcatagaatcctggacaaggtttgaaggacaggtaggatttgggtgGGTGGAGGAGGGTGCATGGGGTcagaattgtaaccgaaaactcattccaggtggatagagaaaatttctagtgttgttgtttttaaaCTATTTGGGGGACTGGCACA
414,ABE8e -eGFP R-Loop Site 4 c,GGTGGAGGAGGGTGCATGGGGT,AGGGGCCTCAGGGGAATAAAtcatagaatcctggacaaggtttgaaggacaggtaggatttgggtgGGTGGAGGAGGGTGCATGGGGTcagaattgtaaccgaaaactcattccaggtggatagagaaaatttctagtgttgttgtttttaaaCTATTTGGGGGACTGGCACA
415,ABE8e dimer R-Loop Site 4 a,GGTGGAGGAGGGTGCATGGGGT,AGGGGCCTCAGGGGAATAAAtcatagaatcctggacaaggtttgaaggacaggtaggatttgggtgGGTGGAGGAGGGTGCATGGGGTcagaattgtaaccgaaaactcattccaggtggatagagaaaatttctagtgttgttgtttttaaaCTATTTGGGGGACTGGCACA
416,ABE8e dimer R-Loop Site 4 b,GGTGGAGGAGGGTGCATGGGGT,AGGGGCCTCAGGGGAATAAAtcatagaatcctggacaaggtttgaaggacaggtaggatttgggtgGGTGGAGGAGGGTGCATGGGGTcagaattgtaaccgaaaactcattccaggtggatagagaaaatttctagtgttgttgtttttaaaCTATTTGGGGGACTGGCACA
417,ABE8e dimer R-Loop Site 4 c,GGTGGAGGAGGGTGCATGGGGT,AGGGGCCTCAGGGGAATAAAtcatagaatcctggacaaggtttgaaggacaggtaggatttgggtgGGTGGAGGAGGGTGCATGGGGTcagaattgtaaccgaaaactcattccaggtggatagagaaaatttctagtgttgttgtttttaaaCTATTTGGGGGACTGGCACA
418,HiFi-ABE R-Loop Site 4 a,GGTGGAGGAGGGTGCATGGGGT,AGGGGCCTCAGGGGAATAAAtcatagaatcctggacaaggtttgaaggacaggtaggatttgggtgGGTGGAGGAGGGTGCATGGGGTcagaattgtaaccgaaaactcattccaggtggatagagaaaatttctagtgttgttgtttttaaaCTATTTGGGGGACTGGCACA
419,HiFi-ABE R-Loop Site 4 b,GGTGGAGGAGGGTGCATGGGGT,AGGGGCCTCAGGGGAATAAAtcatagaatcctggacaaggtttgaaggacaggtaggatttgggtgGGTGGAGGAGGGTGCATGGGGTcagaattgtaaccgaaaactcattccaggtggatagagaaaatttctagtgttgttgtttttaaaCTATTTGGGGGACTGGCACA
420,HiFi-ABE R-Loop Site 4 c,GGTGGAGGAGGGTGCATGGGGT,AGGGGCCTCAGGGGAATAAAtcatagaatcctggacaaggtttgaaggacaggtaggatttgggtgGGTGGAGGAGGGTGCATGGGGTcagaattgtaaccgaaaactcattccaggtggatagagaaaatttctagtgttgttgtttttaaaCTATTTGGGGGACTGGCACA
421,N157K HiFi-ABE R-Loop Site 4 a,GGTGGAGGAGGGTGCATGGGGT,AGGGGCCTCAGGGGAATAAAtcatagaatcctggacaaggtttgaaggacaggtaggatttgggtgGGTGGAGGAGGGTGCATGGGGTcagaattgtaaccgaaaactcattccaggtggatagagaaaatttctagtgttgttgtttttaaaCTATTTGGGGGACTGGCACA
422,N157K HiFi-ABE R-Loop Site 4 b,GGTGGAGGAGGGTGCATGGGGT,AGGGGCCTCAGGGGAATAAAtcatagaatcctggacaaggtttgaaggacaggtaggatttgggtgGGTGGAGGAGGGTGCATGGGGTcagaattgtaaccgaaaactcattccaggtggatagagaaaatttctagtgttgttgtttttaaaCTATTTGGGGGACTGGCACA
423,N157K HiFi-ABE R-Loop Site 4 c,GGTGGAGGAGGGTGCATGGGGT,AGGGGCCTCAGGGGAATAAAtcatagaatcctggacaaggtttgaaggacaggtaggatttgggtgGGTGGAGGAGGGTGCATGGGGTcagaattgtaaccgaaaactcattccaggtggatagagaaaatttctagtgttgttgtttttaaaCTATTTGGGGGACTGGCACA
424,N157K 10 aa HiFi-ABE R-Loop Site 4 a,GGTGGAGGAGGGTGCATGGGGT,AGGGGCCTCAGGGGAATAAAtcatagaatcctggacaaggtttgaaggacaggtaggatttgggtgGGTGGAGGAGGGTGCATGGGGTcagaattgtaaccgaaaactcattccaggtggatagagaaaatttctagtgttgttgtttttaaaCTATTTGGGGGACTGGCACA
425,N157K 10 aa HiFi-ABE R-Loop Site 4 b,GGTGGAGGAGGGTGCATGGGGT,AGGGGCCTCAGGGGAATAAAtcatagaatcctggacaaggtttgaaggacaggtaggatttgggtgGGTGGAGGAGGGTGCATGGGGTcagaattgtaaccgaaaactcattccaggtggatagagaaaatttctagtgttgttgtttttaaaCTATTTGGGGGACTGGCACA
426,N157K 10 aa HiFi-ABE R-Loop Site 4 c,GGTGGAGGAGGGTGCATGGGGT,AGGGGCCTCAGGGGAATAAAtcatagaatcctggacaaggtttgaaggacaggtaggatttgggtgGGTGGAGGAGGGTGCATGGGGTcagaattgtaaccgaaaactcattccaggtggatagagaaaatttctagtgttgttgtttttaaaCTATTTGGGGGACTGGCACA
427,N157K 05 aa HiFi-ABE R-Loop Site 4 a,GGTGGAGGAGGGTGCATGGGGT,AGGGGCCTCAGGGGAATAAAtcatagaatcctggacaaggtttgaaggacaggtaggatttgggtgGGTGGAGGAGGGTGCATGGGGTcagaattgtaaccgaaaactcattccaggtggatagagaaaatttctagtgttgttgtttttaaaCTATTTGGGGGACTGGCACA
428,N157K 05 aa HiFi-ABE R-Loop Site 4 b,GGTGGAGGAGGGTGCATGGGGT,AGGGGCCTCAGGGGAATAAAtcatagaatcctggacaaggtttgaaggacaggtaggatttgggtgGGTGGAGGAGGGTGCATGGGGTcagaattgtaaccgaaaactcattccaggtggatagagaaaatttctagtgttgttgtttttaaaCTATTTGGGGGACTGGCACA
429,N157K 05 aa HiFi-ABE R-Loop Site 4 c,GGTGGAGGAGGGTGCATGGGGT,AGGGGCCTCAGGGGAATAAAtcatagaatcctggacaaggtttgaaggacaggtaggatttgggtgGGTGGAGGAGGGTGCATGGGGTcagaattgtaaccgaaaactcattccaggtggatagagaaaatttctagtgttgttgtttttaaaCTATTTGGGGGACTGGCACA
430,inlaid HiFi-ABE R-Loop Site 4 a,GGTGGAGGAGGGTGCATGGGGT,AGGGGCCTCAGGGGAATAAAtcatagaatcctggacaaggtttgaaggacaggtaggatttgggtgGGTGGAGGAGGGTGCATGGGGTcagaattgtaaccgaaaactcattccaggtggatagagaaaatttctagtgttgttgtttttaaaCTATTTGGGGGACTGGCACA
431,inlaid HiFi-ABE R-Loop Site 4 b,GGTGGAGGAGGGTGCATGGGGT,AGGGGCCTCAGGGGAATAAAtcatagaatcctggacaaggtttgaaggacaggtaggatttgggtgGGTGGAGGAGGGTGCATGGGGTcagaattgtaaccgaaaactcattccaggtggatagagaaaatttctagtgttgttgtttttaaaCTATTTGGGGGACTGGCACA
432,inlaid HiFi-ABE R-Loop Site 4 c,GGTGGAGGAGGGTGCATGGGGT,AGGGGCCTCAGGGGAATAAAtcatagaatcctggacaaggtttgaaggacaggtaggatttgggtgGGTGGAGGAGGGTGCATGGGGTcagaattgtaaccgaaaactcattccaggtggatagagaaaatttctagtgttgttgtttttaaaCTATTTGGGGGACTGGCACA
433,Con R-Loop Site 5 a,TTTCTGCTTCTCCAGCCCTGGC,GGAAACGCCCATGCAATTAGTctatttctgctgcaagtaagcatgcatttgtaggcttgatgcttttTTTCTGCTTCTCCAGCCCTGGCctgggtcaatccttggggcccagactgagcacgtgatggcagaggaaaggaagccctgcttcctccagagggcgtcgcaggacagcttttcctagacaggggctagtatgtgcagctcctGCACCGGGATACTGGTTGAC
434,Con R-Loop Site 5 b,TTTCTGCTTCTCCAGCCCTGGC,GGAAACGCCCATGCAATTAGTctatttctgctgcaagtaagcatgcatttgtaggcttgatgcttttTTTCTGCTTCTCCAGCCCTGGCctgggtcaatccttggggcccagactgagcacgtgatggcagaggaaaggaagccctgcttcctccagagggcgtcgcaggacagcttttcctagacaggggctagtatgtgcagctcctGCACCGGGATACTGGTTGAC
435,Con R-Loop Site 5 c,TTTCTGCTTCTCCAGCCCTGGC,GGAAACGCCCATGCAATTAGTctatttctgctgcaagtaagcatgcatttgtaggcttgatgcttttTTTCTGCTTCTCCAGCCCTGGCctgggtcaatccttggggcccagactgagcacgtgatggcagaggaaaggaagccctgcttcctccagagggcgtcgcaggacagcttttcctagacaggggctagtatgtgcagctcctGCACCGGGATACTGGTTGAC
436,ABE8e -eGFP R-Loop Site 5 a,TTTCTGCTTCTCCAGCCCTGGC,GGAAACGCCCATGCAATTAGTctatttctgctgcaagtaagcatgcatttgtaggcttgatgcttttTTTCTGCTTCTCCAGCCCTGGCctgggtcaatccttggggcccagactgagcacgtgatggcagaggaaaggaagccctgcttcctccagagggcgtcgcaggacagcttttcctagacaggggctagtatgtgcagctcctGCACCGGGATACTGGTTGAC
437,ABE8e -eGFP R-Loop Site 5 b,TTTCTGCTTCTCCAGCCCTGGC,GGAAACGCCCATGCAATTAGTctatttctgctgcaagtaagcatgcatttgtaggcttgatgcttttTTTCTGCTTCTCCAGCCCTGGCctgggtcaatccttggggcccagactgagcacgtgatggcagaggaaaggaagccctgcttcctccagagggcgtcgcaggacagcttttcctagacaggggctagtatgtgcagctcctGCACCGGGATACTGGTTGAC
438,ABE8e -eGFP R-Loop Site 5 c,TTTCTGCTTCTCCAGCCCTGGC,GGAAACGCCCATGCAATTAGTctatttctgctgcaagtaagcatgcatttgtaggcttgatgcttttTTTCTGCTTCTCCAGCCCTGGCctgggtcaatccttggggcccagactgagcacgtgatggcagaggaaaggaagccctgcttcctccagagggcgtcgcaggacagcttttcctagacaggggctagtatgtgcagctcctGCACCGGGATACTGGTTGAC
439,ABE8e dimer R-Loop Site 5 a,TTTCTGCTTCTCCAGCCCTGGC,GGAAACGCCCATGCAATTAGTctatttctgctgcaagtaagcatgcatttgtaggcttgatgcttttTTTCTGCTTCTCCAGCCCTGGCctgggtcaatccttggggcccagactgagcacgtgatggcagaggaaaggaagccctgcttcctccagagggcgtcgcaggacagcttttcctagacaggggctagtatgtgcagctcctGCACCGGGATACTGGTTGAC
440,ABE8e dimer R-Loop Site 5 b,TTTCTGCTTCTCCAGCCCTGGC,GGAAACGCCCATGCAATTAGTctatttctgctgcaagtaagcatgcatttgtaggcttgatgcttttTTTCTGCTTCTCCAGCCCTGGCctgggtcaatccttggggcccagactgagcacgtgatggcagaggaaaggaagccctgcttcctccagagggcgtcgcaggacagcttttcctagacaggggctagtatgtgcagctcctGCACCGGGATACTGGTTGAC
441,ABE8e dimer R-Loop Site 5 c,TTTCTGCTTCTCCAGCCCTGGC,GGAAACGCCCATGCAATTAGTctatttctgctgcaagtaagcatgcatttgtaggcttgatgcttttTTTCTGCTTCTCCAGCCCTGGCctgggtcaatccttggggcccagactgagcacgtgatggcagaggaaaggaagccctgcttcctccagagggcgtcgcaggacagcttttcctagacaggggctagtatgtgcagctcctGCACCGGGATACTGGTTGAC
442,HiFi-ABE R-Loop Site 5 a,TTTCTGCTTCTCCAGCCCTGGC,GGAAACGCCCATGCAATTAGTctatttctgctgcaagtaagcatgcatttgtaggcttgatgcttttTTTCTGCTTCTCCAGCCCTGGCctgggtcaatccttggggcccagactgagcacgtgatggcagaggaaaggaagccctgcttcctccagagggcgtcgcaggacagcttttcctagacaggggctagtatgtgcagctcctGCACCGGGATACTGGTTGAC
443,HiFi-ABE R-Loop Site 5 b,TTTCTGCTTCTCCAGCCCTGGC,GGAAACGCCCATGCAATTAGTctatttctgctgcaagtaagcatgcatttgtaggcttgatgcttttTTTCTGCTTCTCCAGCCCTGGCctgggtcaatccttggggcccagactgagcacgtgatggcagaggaaaggaagccctgcttcctccagagggcgtcgcaggacagcttttcctagacaggggctagtatgtgcagctcctGCACCGGGATACTGGTTGAC
444,HiFi-ABE R-Loop Site 5 c,TTTCTGCTTCTCCAGCCCTGGC,GGAAACGCCCATGCAATTAGTctatttctgctgcaagtaagcatgcatttgtaggcttgatgcttttTTTCTGCTTCTCCAGCCCTGGCctgggtcaatccttggggcccagactgagcacgtgatggcagaggaaaggaagccctgcttcctccagagggcgtcgcaggacagcttttcctagacaggggctagtatgtgcagctcctGCACCGGGATACTGGTTGAC
445,N157K HiFi-ABE R-Loop Site 5 a,TTTCTGCTTCTCCAGCCCTGGC,GGAAACGCCCATGCAATTAGTctatttctgctgcaagtaagcatgcatttgtaggcttgatgcttttTTTCTGCTTCTCCAGCCCTGGCctgggtcaatccttggggcccagactgagcacgtgatggcagaggaaaggaagccctgcttcctccagagggcgtcgcaggacagcttttcctagacaggggctagtatgtgcagctcctGCACCGGGATACTGGTTGAC
446,N157K HiFi-ABE R-Loop Site 5 b,TTTCTGCTTCTCCAGCCCTGGC,GGAAACGCCCATGCAATTAGTctatttctgctgcaagtaagcatgcatttgtaggcttgatgcttttTTTCTGCTTCTCCAGCCCTGGCctgggtcaatccttggggcccagactgagcacgtgatggcagaggaaaggaagccctgcttcctccagagggcgtcgcaggacagcttttcctagacaggggctagtatgtgcagctcctGCACCGGGATACTGGTTGAC
447,N157K HiFi-ABE R-Loop Site 5 c,TTTCTGCTTCTCCAGCCCTGGC,GGAAACGCCCATGCAATTAGTctatttctgctgcaagtaagcatgcatttgtaggcttgatgcttttTTTCTGCTTCTCCAGCCCTGGCctgggtcaatccttggggcccagactgagcacgtgatggcagaggaaaggaagccctgcttcctccagagggcgtcgcaggacagcttttcctagacaggggctagtatgtgcagctcctGCACCGGGATACTGGTTGAC
448,N157K 10 aa HiFi-ABE R-Loop Site 5 a,TTTCTGCTTCTCCAGCCCTGGC,GGAAACGCCCATGCAATTAGTctatttctgctgcaagtaagcatgcatttgtaggcttgatgcttttTTTCTGCTTCTCCAGCCCTGGCctgggtcaatccttggggcccagactgagcacgtgatggcagaggaaaggaagccctgcttcctccagagggcgtcgcaggacagcttttcctagacaggggctagtatgtgcagctcctGCACCGGGATACTGGTTGAC
449,N157K 10 aa HiFi-ABE R-Loop Site 5 b,TTTCTGCTTCTCCAGCCCTGGC,GGAAACGCCCATGCAATTAGTctatttctgctgcaagtaagcatgcatttgtaggcttgatgcttttTTTCTGCTTCTCCAGCCCTGGCctgggtcaatccttggggcccagactgagcacgtgatggcagaggaaaggaagccctgcttcctccagagggcgtcgcaggacagcttttcctagacaggggctagtatgtgcagctcctGCACCGGGATACTGGTTGAC
450,N157K 10 aa HiFi-ABE R-Loop Site 5 c,TTTCTGCTTCTCCAGCCCTGGC,GGAAACGCCCATGCAATTAGTctatttctgctgcaagtaagcatgcatttgtaggcttgatgcttttTTTCTGCTTCTCCAGCCCTGGCctgggtcaatccttggggcccagactgagcacgtgatggcagaggaaaggaagccctgcttcctccagagggcgtcgcaggacagcttttcctagacaggggctagtatgtgcagctcctGCACCGGGATACTGGTTGAC
451,N157K 05 aa HiFi-ABE R-Loop Site 5 a,TTTCTGCTTCTCCAGCCCTGGC,GGAAACGCCCATGCAATTAGTctatttctgctgcaagtaagcatgcatttgtaggcttgatgcttttTTTCTGCTTCTCCAGCCCTGGCctgggtcaatccttggggcccagactgagcacgtgatggcagaggaaaggaagccctgcttcctccagagggcgtcgcaggacagcttttcctagacaggggctagtatgtgcagctcctGCACCGGGATACTGGTTGAC
452,N157K 05 aa HiFi-ABE R-Loop Site 5 b,TTTCTGCTTCTCCAGCCCTGGC,GGAAACGCCCATGCAATTAGTctatttctgctgcaagtaagcatgcatttgtaggcttgatgcttttTTTCTGCTTCTCCAGCCCTGGCctgggtcaatccttggggcccagactgagcacgtgatggcagaggaaaggaagccctgcttcctccagagggcgtcgcaggacagcttttcctagacaggggctagtatgtgcagctcctGCACCGGGATACTGGTTGAC
453,N157K 05 aa HiFi-ABE R-Loop Site 5 c,TTTCTGCTTCTCCAGCCCTGGC,GGAAACGCCCATGCAATTAGTctatttctgctgcaagtaagcatgcatttgtaggcttgatgcttttTTTCTGCTTCTCCAGCCCTGGCctgggtcaatccttggggcccagactgagcacgtgatggcagaggaaaggaagccctgcttcctccagagggcgtcgcaggacagcttttcctagacaggggctagtatgtgcagctcctGCACCGGGATACTGGTTGAC
454,inlaid HiFi-ABE R-Loop Site 5 a,TTTCTGCTTCTCCAGCCCTGGC,GGAAACGCCCATGCAATTAGTctatttctgctgcaagtaagcatgcatttgtaggcttgatgcttttTTTCTGCTTCTCCAGCCCTGGCctgggtcaatccttggggcccagactgagcacgtgatggcagaggaaaggaagccctgcttcctccagagggcgtcgcaggacagcttttcctagacaggggctagtatgtgcagctcctGCACCGGGATACTGGTTGAC
455,inlaid HiFi-ABE R-Loop Site 5 b,TTTCTGCTTCTCCAGCCCTGGC,GGAAACGCCCATGCAATTAGTctatttctgctgcaagtaagcatgcatttgtaggcttgatgcttttTTTCTGCTTCTCCAGCCCTGGCctgggtcaatccttggggcccagactgagcacgtgatggcagaggaaaggaagccctgcttcctccagagggcgtcgcaggacagcttttcctagacaggggctagtatgtgcagctcctGCACCGGGATACTGGTTGAC
456,inlaid HiFi-ABE R-Loop Site 5 c,TTTCTGCTTCTCCAGCCCTGGC,GGAAACGCCCATGCAATTAGTctatttctgctgcaagtaagcatgcatttgtaggcttgatgcttttTTTCTGCTTCTCCAGCCCTGGCctgggtcaatccttggggcccagactgagcacgtgatggcagaggaaaggaagccctgcttcctccagagggcgtcgcaggacagcttttcctagacaggggctagtatgtgcagctcctGCACCGGGATACTGGTTGAC
457,Con VEGF PE Site a,,
458,Con VEGF PE Site b,,
459,Con VEGF PE Site c,,
460,PEmax VEGF PE Site a,,
461,PEmax VEGF PE Site b,,
462,PEmax VEGF PE Site c,,
463,PE6d VEGF PE Site a,,
464,PE6d VEGF PE Site b,,
465,PE6d VEGF PE Site c,,
466,181 VEGF PE Site a,,
467,181 VEGF PE Site b,,
468,181 VEGF PE Site c,,
469,Y223V PE6d VEGF PE Site a,,
470,Y223V PE6d VEGF PE Site b,,
471,Y223V PE6d VEGF PE Site c,,
472,Y223V 181 VEGF PE Site a,,
473,Y223V 181 VEGF PE Site b,,
474,Y223V 181 VEGF PE Site c,,
475,Con HEK3 Flag PE Site a,,
476,Con HEK3 Flag PE Site b,,
477,Con HEK3 Flag PE Site c,,
478,PEmax HEK3 Flag PE Site a,,
479,PEmax HEK3 Flag PE Site b,,
480,PEmax HEK3 Flag PE Site c,,
481,PE6d HEK3 Flag PE Site a,,
482,PE6d HEK3 Flag PE Site b,,
483,PE6d HEK3 Flag PE Site c,,
484,181 HEK3 Flag PE Site a,,
485,181 HEK3 Flag PE Site b,,
486,181 HEK3 Flag PE Site c,,
487,Y223V PE6d HEK3 Flag PE Site a,,
488,Y223V PE6d HEK3 Flag PE Site b,,
489,Y223V PE6d HEK3 Flag PE Site c,,
490,Y223V 181 HEK3 Flag PE Site a,,
491,Y223V 181 HEK3 Flag PE Site b,,
492,Y223V 181 HEK3 Flag PE Site c,,
493,Con R-Loop Site 3 a,GAACACAAAGCATAGACTGC,CCAGCCCCATCTGTCAAACTgtgcgtatgacatcatcagatattctgcacttgtttgcagctattcaggctggcccgccccgcagtctatgctttgtgttccagtttcctttacagggccagcgggctggaaaattaccacatgctgtcacagttagctcagccaggtcttgttatCATTGTTTCCAAGGAATCCATTCA
494,Con R-Loop Site 3 b,GAACACAAAGCATAGACTGC,CCAGCCCCATCTGTCAAACTgtgcgtatgacatcatcagatattctgcacttgtttgcagctattcaggctggcccgccccgcagtctatgctttgtgttccagtttcctttacagggccagcgggctggaaaattaccacatgctgtcacagttagctcagccaggtcttgttatCATTGTTTCCAAGGAATCCATTCA
495,Con R-Loop Site 3 c,GAACACAAAGCATAGACTGC,CCAGCCCCATCTGTCAAACTgtgcgtatgacatcatcagatattctgcacttgtttgcagctattcaggctggcccgccccgcagtctatgctttgtgttccagtttcctttacagggccagcgggctggaaaattaccacatgctgtcacagttagctcagccaggtcttgttatCATTGTTTCCAAGGAATCCATTCA
496,ABE8e -eGFP R-Loop Site 3 a,GAACACAAAGCATAGACTGC,CCAGCCCCATCTGTCAAACTgtgcgtatgacatcatcagatattctgcacttgtttgcagctattcaggctggcccgccccgcagtctatgctttgtgttccagtttcctttacagggccagcgggctggaaaattaccacatgctgtcacagttagctcagccaggtcttgttatCATTGTTTCCAAGGAATCCATTCA
497,ABE8e -eGFP R-Loop Site 3 b,GAACACAAAGCATAGACTGC,CCAGCCCCATCTGTCAAACTgtgcgtatgacatcatcagatattctgcacttgtttgcagctattcaggctggcccgccccgcagtctatgctttgtgttccagtttcctttacagggccagcgggctggaaaattaccacatgctgtcacagttagctcagccaggtcttgttatCATTGTTTCCAAGGAATCCATTCA
498,ABE8e -eGFP R-Loop Site 3 c,GAACACAAAGCATAGACTGC,CCAGCCCCATCTGTCAAACTgtgcgtatgacatcatcagatattctgcacttgtttgcagctattcaggctggcccgccccgcagtctatgctttgtgttccagtttcctttacagggccagcgggctggaaaattaccacatgctgtcacagttagctcagccaggtcttgttatCATTGTTTCCAAGGAATCCATTCA
499,ABE8e dimer R-Loop Site 3 a,GAACACAAAGCATAGACTGC,CCAGCCCCATCTGTCAAACTgtgcgtatgacatcatcagatattctgcacttgtttgcagctattcaggctggcccgccccgcagtctatgctttgtgttccagtttcctttacagggccagcgggctggaaaattaccacatgctgtcacagttagctcagccaggtcttgttatCATTGTTTCCAAGGAATCCATTCA
500,ABE8e dimer R-Loop Site 3 b,GAACACAAAGCATAGACTGC,CCAGCCCCATCTGTCAAACTgtgcgtatgacatcatcagatattctgcacttgtttgcagctattcaggctggcccgccccgcagtctatgctttgtgttccagtttcctttacagggccagcgggctggaaaattaccacatgctgtcacagttagctcagccaggtcttgttatCATTGTTTCCAAGGAATCCATTCA
501,ABE8e dimer R-Loop Site 3 c,GAACACAAAGCATAGACTGC,CCAGCCCCATCTGTCAAACTgtgcgtatgacatcatcagatattctgcacttgtttgcagctattcaggctggcccgccccgcagtctatgctttgtgttccagtttcctttacagggccagcgggctggaaaattaccacatgctgtcacagttagctcagccaggtcttgttatCATTGTTTCCAAGGAATCCATTCA
502,HiFi-ABE R-Loop Site 3 a,GAACACAAAGCATAGACTGC,CCAGCCCCATCTGTCAAACTgtgcgtatgacatcatcagatattctgcacttgtttgcagctattcaggctggcccgccccgcagtctatgctttgtgttccagtttcctttacagggccagcgggctggaaaattaccacatgctgtcacagttagctcagccaggtcttgttatCATTGTTTCCAAGGAATCCATTCA
503,HiFi-ABE R-Loop Site 3 b,GAACACAAAGCATAGACTGC,CCAGCCCCATCTGTCAAACTgtgcgtatgacatcatcagatattctgcacttgtttgcagctattcaggctggcccgccccgcagtctatgctttgtgttccagtttcctttacagggccagcgggctggaaaattaccacatgctgtcacagttagctcagccaggtcttgttatCATTGTTTCCAAGGAATCCATTCA
504,HiFi-ABE R-Loop Site 3 c,GAACACAAAGCATAGACTGC,CCAGCCCCATCTGTCAAACTgtgcgtatgacatcatcagatattctgcacttgtttgcagctattcaggctggcccgccccgcagtctatgctttgtgttccagtttcctttacagggccagcgggctggaaaattaccacatgctgtcacagttagctcagccaggtcttgttatCATTGTTTCCAAGGAATCCATTCA
505,N157K HiFi-ABE R-Loop Site 3 a,GAACACAAAGCATAGACTGC,CCAGCCCCATCTGTCAAACTgtgcgtatgacatcatcagatattctgcacttgtttgcagctattcaggctggcccgccccgcagtctatgctttgtgttccagtttcctttacagggccagcgggctggaaaattaccacatgctgtcacagttagctcagccaggtcttgttatCATTGTTTCCAAGGAATCCATTCA
506,N157K HiFi-ABE R-Loop Site 3 b,GAACACAAAGCATAGACTGC,CCAGCCCCATCTGTCAAACTgtgcgtatgacatcatcagatattctgcacttgtttgcagctattcaggctggcccgccccgcagtctatgctttgtgttccagtttcctttacagggccagcgggctggaaaattaccacatgctgtcacagttagctcagccaggtcttgttatCATTGTTTCCAAGGAATCCATTCA
507,N157K HiFi-ABE R-Loop Site 3 c,GAACACAAAGCATAGACTGC,CCAGCCCCATCTGTCAAACTgtgcgtatgacatcatcagatattctgcacttgtttgcagctattcaggctggcccgccccgcagtctatgctttgtgttccagtttcctttacagggccagcgggctggaaaattaccacatgctgtcacagttagctcagccaggtcttgttatCATTGTTTCCAAGGAATCCATTCA
508,N157K 10 aa HiFi-ABE R-Loop Site 3 a,GAACACAAAGCATAGACTGC,CCAGCCCCATCTGTCAAACTgtgcgtatgacatcatcagatattctgcacttgtttgcagctattcaggctggcccgccccgcagtctatgctttgtgttccagtttcctttacagggccagcgggctggaaaattaccacatgctgtcacagttagctcagccaggtcttgttatCATTGTTTCCAAGGAATCCATTCA
509,N157K 10 aa HiFi-ABE R-Loop Site 3 b,GAACACAAAGCATAGACTGC,CCAGCCCCATCTGTCAAACTgtgcgtatgacatcatcagatattctgcacttgtttgcagctattcaggctggcccgccccgcagtctatgctttgtgttccagtttcctttacagggccagcgggctggaaaattaccacatgctgtcacagttagctcagccaggtcttgttatCATTGTTTCCAAGGAATCCATTCA
510,N157K 10 aa HiFi-ABE R-Loop Site 3 c,GAACACAAAGCATAGACTGC,CCAGCCCCATCTGTCAAACTgtgcgtatgacatcatcagatattctgcacttgtttgcagctattcaggctggcccgccccgcagtctatgctttgtgttccagtttcctttacagggccagcgggctggaaaattaccacatgctgtcacagttagctcagccaggtcttgttatCATTGTTTCCAAGGAATCCATTCA
511,N157K 05 aa HiFi-ABE R-Loop Site 3 a,GAACACAAAGCATAGACTGC,CCAGCCCCATCTGTCAAACTgtgcgtatgacatcatcagatattctgcacttgtttgcagctattcaggctggcccgccccgcagtctatgctttgtgttccagtttcctttacagggccagcgggctggaaaattaccacatgctgtcacagttagctcagccaggtcttgttatCATTGTTTCCAAGGAATCCATTCA
512,N157K 05 aa HiFi-ABE R-Loop Site 3 b,GAACACAAAGCATAGACTGC,CCAGCCCCATCTGTCAAACTgtgcgtatgacatcatcagatattctgcacttgtttgcagctattcaggctggcccgccccgcagtctatgctttgtgttccagtttcctttacagggccagcgggctggaaaattaccacatgctgtcacagttagctcagccaggtcttgttatCATTGTTTCCAAGGAATCCATTCA
513,N157K 05 aa HiFi-ABE R-Loop Site 3 c,GAACACAAAGCATAGACTGC,CCAGCCCCATCTGTCAAACTgtgcgtatgacatcatcagatattctgcacttgtttgcagctattcaggctggcccgccccgcagtctatgctttgtgttccagtttcctttacagggccagcgggctggaaaattaccacatgctgtcacagttagctcagccaggtcttgttatCATTGTTTCCAAGGAATCCATTCA
514,inlaid HiFi-ABE R-Loop Site 3 a,GAACACAAAGCATAGACTGC,CCAGCCCCATCTGTCAAACTgtgcgtatgacatcatcagatattctgcacttgtttgcagctattcaggctggcccgccccgcagtctatgctttgtgttccagtttcctttacagggccagcgggctggaaaattaccacatgctgtcacagttagctcagccaggtcttgttatCATTGTTTCCAAGGAATCCATTCA
515,inlaid HiFi-ABE R-Loop Site 3 b,GAACACAAAGCATAGACTGC,CCAGCCCCATCTGTCAAACTgtgcgtatgacatcatcagatattctgcacttgtttgcagctattcaggctggcccgccccgcagtctatgctttgtgttccagtttcctttacagggccagcgggctggaaaattaccacatgctgtcacagttagctcagccaggtcttgttatCATTGTTTCCAAGGAATCCATTCA
516,inlaid HiFi-ABE R-Loop Site 3 c,GAACACAAAGCATAGACTGC,CCAGCCCCATCTGTCAAACTgtgcgtatgacatcatcagatattctgcacttgtttgcagctattcaggctggcccgccccgcagtctatgctttgtgttccagtttcctttacagggccagcgggctggaaaattaccacatgctgtcacagttagctcagccaggtcttgttatCATTGTTTCCAAGGAATCCATTCA
517,inlaid HiFi-ABE ABE7.10 Site 17 a,GACAAAGAGGAAGAGAGACG,CGCGGGCTGAAGTAGATCAAgtccccagggagctcaagcctgattccaaggagattgccaatattttaggagggagtaaacattttctgaagttttttgttgtctaaagccaaaaaatgcacttgcgcctcctgagAGGACAAAGAGGAAGAGAGACGgggagaGGGGACAAAGGAGCAGAGAC
518,inlaid HiFi-ABE ABE7.10 Site 17 b,GACAAAGAGGAAGAGAGACG,CGCGGGCTGAAGTAGATCAAgtccccagggagctcaagcctgattccaaggagattgccaatattttaggagggagtaaacattttctgaagttttttgttgtctaaagccaaaaaatgcacttgcgcctcctgagAGGACAAAGAGGAAGAGAGACGgggagaGGGGACAAAGGAGCAGAGAC
519,inlaid HiFi-ABE ABE7.10 Site 17 c,GACAAAGAGGAAGAGAGACG,CGCGGGCTGAAGTAGATCAAgtccccagggagctcaagcctgattccaaggagattgccaatattttaggagggagtaaacattttctgaagttttttgttgtctaaagccaaaaaatgcacttgcgcctcctgagAGGACAAAGAGGAAGAGAGACGgggagaGGGGACAAAGGAGCAGAGAC
